2019-03-10 09:12:26,"b""RT @annettefranz: United Airlines Flight Attendants Learned Their Job's Changing in a Surprising Way. (Sounds Like SWA?) @billmurphyjr http\xe2\x80\xa6"""
2019-03-10 06:50:31,"b'Way to live up to your crapass reputation #UnitedAirlines. Crazy delays, multiple gate changes and lost lugguage. I\xe2\x80\xa6 https://t.co/ZFbl570gxX'"
2019-03-10 06:29:24,b'United Airlines has ruined our Hawaiian vacation by losing our luggage (including my husband\xe2\x80\x99s CPAP breathing machi\xe2\x80\xa6 https://t.co/VB99OGmIqG'
2019-03-10 05:55:47,"b""@united Today was the first time I've used your airline is 10+ years. Flight delays caused me to miss my Heathrow c\xe2\x80\xa6 https://t.co/aFavU2XoMn"""
2019-03-10 05:50:32,"b'United Airlines, you should know you now have an inferior customer experience in comparison to your competitor, Del\xe2\x80\xa6 https://t.co/51QEonxQsR'"
2019-03-10 05:27:18,b'This is breakfast? Where am I? The Fyre Festival? #UnitedAirlines #travel #hungry #andcoldcoffeetoo https://t.co/uWTrbS7I6M'
2019-03-10 05:26:16,b'@united B767-300 looking mean on final into heathrow_airport \xf0\x9f\x98\x8e\n\xe2\x9c\x88\n\xe2\x9c\x88\n\xe2\x9c\x88\n#united #unitedairlines #heathrow\xe2\x80\xa6 https://t.co/rGplYWy4CW'
2019-03-10 04:50:43,"b'RT @ap236: United Airlines fires 35 employees for abusing, selling travel perks https://t.co/uYrLcLcsSj #UnitedAirlines #Employees #abuse #\xe2\x80\xa6'"
2019-03-10 04:46:39,b'Update- United is at least putting the passengers up in a hotel since the flight won\xe2\x80\x99t leave till tomorrow morning. #UnitedAirlines'
2019-03-10 03:43:37,b'RT @nights_la: Really angry that my 74 year old father is stranded in Denver because United Airlines doesn\xe2\x80\x99t have PILOTS scheduled. They is\xe2\x80\xa6'
2019-03-10 03:25:07,b'#UnitedAirlines delaying a flight over a hour waiting on passengers from another flight. They\xe2\x80\x99ve never waited for m\xe2\x80\xa6 https://t.co/9K9dRiKMOq'
2019-03-10 03:16:29,b'RT @nights_la: Really angry that my 74 year old father is stranded in Denver because United Airlines doesn\xe2\x80\x99t have PILOTS scheduled. They is\xe2\x80\xa6'
2019-03-10 03:15:12,b'RT @nights_la: Really angry that my 74 year old father is stranded in Denver because United Airlines doesn\xe2\x80\x99t have PILOTS scheduled. They is\xe2\x80\xa6'
2019-03-10 03:02:32,"b""Someone's got some explaining to do #UnitedAirlines https://t.co/QE33tZgPfl"""
2019-03-10 02:58:02,b'Really angry that my 74 year old father is stranded in Denver because United Airlines doesn\xe2\x80\x99t have PILOTS scheduled\xe2\x80\xa6 https://t.co/Oc5fI5NcsP'
2019-03-10 02:50:05,b'#inauguralflight #unitedairlines #DEN2STS we had quite the fan fair when we landed. #feelinfancy @united @ Charles\xe2\x80\xa6 https://t.co/LMt52hK5ly'
2019-03-10 02:29:24,b'Your Buddy Pass has been REVOKED\xe2\x98\x9d\xf0\x9f\x8f\xbe\xf0\x9f\x98\xa9 #UnitedAirlines is firing employees who have been caught abusing the system and\xe2\x80\xa6 https://t.co/WwA3xZvJ1d'
2019-03-10 01:00:28,b'$692* &amp; up -- Flights to Singapore Aboard United Airlines (Roundtrip) https://t.co/anD797S0Eq #sin #ewr\xe2\x80\xa6 https://t.co/PrOmuoi4jh'
2019-03-10 01:00:13,"b'United Airlines fires 35 employees for abusing, selling travel perks https://t.co/uYrLcLcsSj #UnitedAirlines\xe2\x80\xa6 https://t.co/LmjvuVaWHL'"
2019-03-10 00:30:31,"b'#aircanada #AC 511 I\xe2\x80\x99m flying #unitedairlines and #WestJet into the future; yes, every time this happens i say this\xe2\x80\xa6 https://t.co/oT8I6RFgIq'"
2019-03-10 00:24:34,b'#aircanada AC 511 #UnitedAirlines would you have 12 delays and disrupt your customers further waiting on catering t\xe2\x80\xa6 https://t.co/ue0ActFsLd'
2019-03-10 00:22:52,b'7 Best Tweets about the #UnitedAirlines Scandal https://t.co/aQLuAEoAc1'
2019-03-10 00:20:46,"b""United Airlines Flight Attendants Learned Their Job's Changing in a Surprising Way. (Sounds Like SWA?)\xe2\x80\xa6 https://t.co/oubBmkcgVD"""
2019-03-09 23:44:31,b'@united I guess that 2:56 PM departure time on UA698 was a little off!? Still on the ground. I guess I\xe2\x80\x99m going to m\xe2\x80\xa6 https://t.co/Nv7xbd45Qj'
2019-03-09 23:27:36,b'#UnitedAirlines app on Android fails and returns this error message. Thoroughly confusing at first. I figure the co\xe2\x80\xa6 https://t.co/SWEHTvb72G'
2019-03-09 23:23:54,b'Family Spring Break Trip! The shenanigans have begun!\nHow do you have a nonstop flight but your baggage isn\xe2\x80\x99t on the plane? \n#UnitedAirlines'
2019-03-09 23:06:40,b'RT @GutoGuimaraes5: Boeing 777-200 United Airlines in Frankfurt. \n@frankfurtmainDE @united \n#planespotting #boeing #Germany #Frankfurt #avi\xe2\x80\xa6'
2019-03-09 23:01:54,"b'#UnitedAirlines fucking thieves.... Here I come #SouthwestAirlines, I missed you.'"
2019-03-09 23:01:48,b'RT @SNspotter53: An United 757 taking off from SFO!\nUnited @united #United #UnitedAirlines\nSan Francisco Internatio\xe2\x80\xa6 https://t.co/Sf1yRw3ZZv'
2019-03-09 23:01:41,b'RT @GutoGuimaraes5: Boeing 777-200 United Airlines in Frankfurt. \n@frankfurtmainDE @united \n#planespotting #boeing #Germany #Frankfurt #avi\xe2\x80\xa6'
2019-03-09 22:54:20,b'#unitedAIRLINES United fucking thieves. When are you going settle my balance. Else give that unsettled fund$$ to ch\xe2\x80\xa6 https://t.co/F5mUh1iW6X'
2019-03-09 22:46:33,b'Boeing 777-200 United Airlines in Frankfurt. \n@frankfurtmainDE @united \n#planespotting #boeing #Germany #Frankfurt\xe2\x80\xa6 https://t.co/mkeGXkd5Fi'
2019-03-09 22:46:31,b'RT @SNspotter53: An United 757 taking off from SFO!\nUnited @united #United #UnitedAirlines\nSan Francisco International Airport @flySFO #SFO\xe2\x80\xa6'
2019-03-09 22:39:34,"b'If I don\xe2\x80\x99t make it, blame the duct tape #unitedairlines https://t.co/hOpbx0C5dW'"
2019-03-09 22:39:25,b'An United 757 taking off from SFO!\nUnited @united #United #UnitedAirlines\nSan Francisco International Airport\xe2\x80\xa6 https://t.co/e23Ar8EHtG'
2019-03-09 22:30:13,b'RT @nwa_airlines: What do think @FakeOscarMunoz ? Lets change the Teal to Gold #unitedairlines #new #livery ???  #avgeek https://t.co/vXciF\xe2\x80\xa6'
2019-03-09 22:14:41,b'@united - can i upgrade my seat using rewards points? #UnitedAirlines'
2019-03-09 21:34:09,b'#UnitedAirlines gate agent having a bad is not my problem. It is yours. You embarrassed yourself in ATL today.'
2019-03-09 21:17:13,"b'RT @GO2AZ: ""Have your mother #fly #AmericanAirlines next time""-this said by a @united rep after I called them 2X telling them my senior mot\xe2\x80\xa6'"
2019-03-09 21:15:25,"b'#UnitedAirlines is now offering a new daily service from LAX to Redding, California!  This great RDD crew is ready\xe2\x80\xa6 https://t.co/lHtEz1PMkf'"
2019-03-09 21:02:40,b'RT @nwa_airlines: What do think @FakeOscarMunoz ? Lets change the Teal to Gold #unitedairlines #new #livery ???  #avgeek https://t.co/vXciF\xe2\x80\xa6'
2019-03-09 21:02:25,"b""That's flying the friendly skies for you. \n#UnitedAirlines employees fired, accused of abusing family travel perks\xe2\x80\xa6 https://t.co/lZuK4YMcb4"""
2019-03-09 20:50:44,b'@united your baggage service is a disgrace. Flight is cancelled and waiting 3 hrs with no one who can tell me where they are #UnitedAirlines'
2019-03-09 20:42:31,"b""Super happy with @united airlines customer service. DM'd them here on Twitter. Issue solved! I love this new interc\xe2\x80\xa6 https://t.co/y54yjSt2GJ"""
2019-03-09 20:31:30,b'#UnitedAirlines will care if I miss the flight. There is no way out until the next day.'
2019-03-09 20:00:22,b'$671* &amp; up -- United Airlines Flights to Tahiti through Spring (Roundtrip) https://t.co/nobh7u7Jq2 #ppt #ord\xe2\x80\xa6 https://t.co/uHLHjMA9Tc'
2019-03-09 19:31:30,b'RT @SNspotter53: An United 777 landing at SFO!\nUnited @united #United #UnitedAirlines\nSan Francisco International Airport @flySFO #SFO #San\xe2\x80\xa6'
2019-03-09 19:28:21,b'An United 777 landing at SFO!\nUnited @united #United #UnitedAirlines\nSan Francisco International Airport @flySFO\xe2\x80\xa6 https://t.co/YG25DfaDs5'
2019-03-09 19:25:44,"b""#unitedAIRLINES racial profiling at it's best. Agent lies and frauds, customer service hangs up. Takes 4 different\xe2\x80\xa6 https://t.co/q3zZEOkRIp"""
2019-03-09 19:23:32,b'Just now landed in LA. United had #AStarIsBorn as their free movie. I watched it for the first time. I\xe2\x80\x99m bawling my\xe2\x80\xa6 https://t.co/6qdTjGQgkG'
2019-03-09 19:02:08,b'RT @AvEcuadorRT: RT @nwa_airlines: What do think @FakeOscarMunoz ? Lets change the Teal to Gold #unitedairlines #new #livery ???  #avgeek h\xe2\x80\xa6'
2019-03-09 19:01:39,b'RT @nwa_airlines: What do think @FakeOscarMunoz ? Lets change the Teal to Gold #unitedairlines #new #livery ???\xe2\x80\xa6 https://t.co/cik3u7fe56'
2019-03-09 18:59:34,b'What do think @FakeOscarMunoz ? Lets change the Teal to Gold #unitedairlines #new #livery ???  #avgeek https://t.co/vXciFxtqRJ'
2019-03-09 18:43:57,b'#unitedAIRLINES fuking thief. Ruined ny 9th month plan. Racist agent. Robbed me 700 on basic economy flights.'
2019-03-09 18:27:29,"b'RT @Michaelkelly707: Now, this looks interesting #avgeek #UnitedAirlines https://t.co/JUQGTuxhoo'"
2019-03-09 18:26:58,b'@united thank you for your customer service employees at IAH! Robert and Rico as well as their supervisor Stephanie\xe2\x80\xa6 https://t.co/3JJkhVcj1X'
2019-03-09 18:25:31,"b""#UnitedAirlines' former food safety senior manager had filed a complaint in New Jersey Superior Court after quittin\xe2\x80\xa6 https://t.co/4nxbyjIEpG"""
2019-03-09 17:49:07,b'#unitedAIRLINES not boarding flight UA 3605 until someone volunteers to get off!!??'
2019-03-09 17:44:21,"b'""Have your mother #fly #AmericanAirlines next time""-this said by a @united rep after I called them 2X telling them\xe2\x80\xa6 https://t.co/SCOuSobzX8'"
2019-03-09 17:40:04,"b'RT @TravelAds1: RT @VintageAdz United Airlines, 1986.  #avgeek #B747 #UnitedAirlines https://t.co/tWuWywWBAB'"
2019-03-09 17:32:08,b'United birds at SFO!\nUnited @united #United #UnitedAirlines\nSan Francisco International Airport @flySFO #SFO\xe2\x80\xa6 https://t.co/2C4RphPVTc'
2019-03-09 17:25:27,b'Sad day\xf0\x9f\x98\xa2I hit my beautiful #unitedairlines 25 year award and it broke like an ice cycle. United Airlines if you hav\xe2\x80\xa6 https://t.co/fvPEY7zRxu'
2019-03-09 17:20:07,b'#unitedAIRLINES\nLate incoming #3468 lands DFW now. Attendants deplane and inform gate attendant they are gonna take\xe2\x80\xa6 https://t.co/FqoMVL4uzd'
2019-03-09 17:19:46,"b'RT @PekalaLaw: #UnitedAirlines fires 35 employees, saying employees ""brokered"" travel benefits given to workers and their families.\n#Jobs #\xe2\x80\xa6'"
2019-03-09 17:16:44,b'Which airline we boycotting? Or is everything good again? #UnitedAirlines  #AmericanAirlines'
2019-03-09 17:11:01,b'@united @embraer UA5449 to Boise with same plane service UA5742 to Chicago \n#UA #UnitedAirlines #UA5449 #UA5742\xe2\x80\xa6 https://t.co/qHZNYV1IkZ'
2019-03-09 17:07:08,b'#UnitedAirlines fires 35 employees for abusing #travel #benefits\nhttps://t.co/4soy6h739V'
2019-03-09 17:00:25,b'$577* &amp; up -- United Airlines Flights to Sydney (Roundtrip) https://t.co/jPqNa8VqN9 #syd #iad #unitedairlines https://t.co/f7U5lpklsz'
2019-03-09 16:56:02,"b""it's been a week and no response from @united about my canceled flight #unitedairlines #badcustomerservice"""
2019-03-09 16:47:35,b'RT @SNspotter53: Widebodies at SFO!\nBA @British_Airways #BritishAirways\nUnited @united #United #UnitedAirlines\nAir France @airfrance @AirFr\xe2\x80\xa6'
2019-03-09 15:54:00,b'Hey United \xf0\x9f\x96\x95\xf0\x9f\x8f\xbd#unitedAIRLINES'
2019-03-09 15:32:25,b'#unitedAIRLINES apology accepted https://t.co/iZxJ9oM8tu'
2019-03-09 15:27:54,"b'Okay #unitedAIRLINES, you just about 100% ruined our family vacation. Things happen, I get it. But your lack of hel\xe2\x80\xa6 https://t.co/HEjYxpig3o'"
2019-03-09 15:12:38,b'#unitedAIRLINES the perk of flying first class with United\xf0\x9f\xa4\x97. Rude to everyone \xf0\x9f\x98\xac'
2019-03-09 14:35:23,b'@united No USB outlet and the power outlet doesn\xe2\x80\x99t work. I feel like it\xe2\x80\x99s 1994. Job well done \xf0\x9f\x91\x8d #united #unitedAIRLINES #airplanefail'
2019-03-09 14:25:44,"b'#UnitedAirlines -  just had the worst customer service at gate 26 Denver to DC. Book A22, now F38 - Gate agent is go fuck yourself.'"
2019-03-09 13:47:55,b'RT @SNspotter53: An United 757 landing at SFO!\nUnited @united #United #UnitedAirlines\nSan Francisco International Airport @flySFO #SFO #San\xe2\x80\xa6'
2019-03-09 13:47:40,b'RT @SNspotter53: Dual takeoffs from SFO!\nUnited @united #United #UnitedAirlines\nAlaska @AlaskaAir #Alaska \nSan Francisco @flySFO #SFO #SanF\xe2\x80\xa6'
2019-03-09 13:47:36,b'RT @SNspotter53: Widebodies at SFO!\nBA @British_Airways #BritishAirways\nUnited @united #United #UnitedAirlines\nAir France @airfrance @AirFr\xe2\x80\xa6'
2019-03-09 13:47:29,b'RT @SNspotter53: An United 787 taxing at SFO!\nUnited @united #United #UnitedAirlines\nSan Francisco International Airport @flySFO #SFO #SanF\xe2\x80\xa6'
2019-03-09 13:47:27,b'RT @SNspotter53: An United 777 taxing at SFO!\nUnited @united #United #UnitedAirlines\nSan Francisco International Airport @flySFO #SFO #SanF\xe2\x80\xa6'
2019-03-09 13:47:25,b'RT @SNspotter53: An United 737 taking off from SFO!\nUnited @united #United #UnitedAirlines\nSan Francisco International Airport @flySFO #SFO\xe2\x80\xa6'
2019-03-09 13:28:46,b'My breakfast on United Airlines.\n.\n#vietthao  #mcvietthao  #unitedairlines  #mymeal  #breakfast  #photooftheday https://t.co/ncVXtpQcSG'
2019-03-09 13:18:07,b'This is exactly why @united customers DON\xe2\x80\x99T fly on @SouthwestAir ...it\xe2\x80\x99s the last thing we want. @united I hope you\xe2\x80\xa6 https://t.co/iATGIyB2WG'
2019-03-09 13:16:37,"b""The #RocknSquad is ready to #run #RnRDC!  Let's do this!!!\n\n#RunningWhileBranded #marathon #UnitedAirlines #United\xe2\x80\xa6 https://t.co/kPzhXEEWPx"""
2019-03-09 13:02:15,b'The awkward moment your book makes your case overweight by one pound and the #UnitedAirlines staff give u a hard ti\xe2\x80\xa6 https://t.co/suzwSrAYd0'
2019-03-09 11:18:13,"b""Line is growing #UnitedAirlines\n\ny'all showing up to work today or nah? https://t.co/HKl9VYFgr1"""
2019-03-09 11:09:02,b'#UnitedAirlines having a line of 20+ people waiting to check in and no employees anywhere in sight is not a reassur\xe2\x80\xa6 https://t.co/pPK6XXO0Hr'
2019-03-09 10:58:22,b'RT @TrueNorthTravel: United Airlines Springs Forward With New Routes Starting This Month #tourist #unitedAIRLINES #Airport #travel #TravelS\xe2\x80\xa6'
2019-03-09 10:58:05,b'United Airlines Springs Forward With New Routes Starting This Month #tourist #unitedAIRLINES #Airport #travel\xe2\x80\xa6 https://t.co/2gEBGUzX80'
2019-03-09 10:22:35,"b'RT @Michaelkelly707: Now, this looks interesting #avgeek #UnitedAirlines https://t.co/JUQGTuxhoo'"
2019-03-09 09:49:24,b'RT @UnitedFlyerHD: United B787-9 (N26966) after pushback at Houston IAH for a flight to SFO\n#avgeek #boeing #boeing787 #dreamliner #UnitedA\xe2\x80\xa6'
2019-03-09 09:41:09,"b'@united thank you so much for an awesome journey from #lhr to #ewr it was Uber comfortable, #salad on the way there\xe2\x80\xa6 https://t.co/7kitfFqMxX'"
2019-03-09 09:27:58,"b'RT @Michaelkelly707: Now, this looks interesting #avgeek #UnitedAirlines https://t.co/JUQGTuxhoo'"
2019-03-09 09:25:00,"b'RT @Michaelkelly707: Now, this looks interesting #avgeek #UnitedAirlines https://t.co/JUQGTuxhoo'"
2019-03-09 08:30:02,"b'RT @Michaelkelly707: Now, this looks interesting #avgeek #UnitedAirlines https://t.co/JUQGTuxhoo'"
2019-03-09 08:21:34,b'Sitting in your hotel room waiting on @United  #UnitedAirlines to deliver your luggage that they never put on the f\xe2\x80\xa6 https://t.co/wOtUHH31hB'
2019-03-09 07:39:49,b'@united has done it again! My husband\xe2\x80\x99s flight was diverted from its destination &amp; grounded. United  \xe2\x80\x9ccan\xe2\x80\x99t\xe2\x80\x9d: pay f\xe2\x80\xa6 https://t.co/NFfNFdGSdr'
2019-03-09 07:33:08,"b'RT @garrisonwynn: Great event in Chicago today. Key quote: ""If everyone on your team looks just like you... it\'s not a great team"" #HR #lov\xe2\x80\xa6'"
2019-03-09 06:56:00,"b'RT @Michaelkelly707: Now, this looks interesting #avgeek #UnitedAirlines https://t.co/JUQGTuxhoo'"
2019-03-09 06:20:32,"b'Only thing #flymonterey guarantees you, is spending time at #UnitedAirlines Customer Service. 3 delayed/canceled fl\xe2\x80\xa6 https://t.co/QOE2CAeoTn'"
2019-03-09 06:01:37,"b'RT @LuapSurLAvion: @united plans an ""evolution"" to the globe #livery. It\'s about time they do something different since it\'s been years sin\xe2\x80\xa6'"
2019-03-09 05:56:58,"b'@united plans an ""evolution"" to the globe #livery. It\'s about time they do something different since it\'s been year\xe2\x80\xa6 https://t.co/omtxXpgbM5'"
2019-03-09 04:03:41,b'RT @SNspotter53: Widebodies at SFO!\nBA @British_Airways #BritishAirways\nUnited @united #United #UnitedAirlines\nAir France @airfrance @AirFr\xe2\x80\xa6'
2019-03-09 03:52:54,"b'RT @Michaelkelly707: Now, this looks interesting #avgeek #UnitedAirlines https://t.co/JUQGTuxhoo'"
2019-03-09 03:49:07,b'I guess it\xe2\x80\x99s not so friendly skies... \xe2\x9c\x88\xef\xb8\x8f #unitedairlines #travel https://t.co/W6HDIJ2c0e'
2019-03-09 03:35:18,"b'RT @Michaelkelly707: Now, this looks interesting #avgeek #UnitedAirlines https://t.co/JUQGTuxhoo'"
2019-03-09 02:49:00,"b'RT @VintageAdz United Airlines, 1986.  #avgeek #B747 #UnitedAirlines https://t.co/tWuWywWBAB'"
2019-03-09 02:37:00,b'The gate attendants said \xe2\x80\x9cno standbys allowed during spring break.\xe2\x80\x9d  Disappointing. Sounds like a #UnitedAirlines m\xe2\x80\xa6 https://t.co/I49v82DOPE'
2019-03-09 02:35:53,b'#unitedAIRLINES once again a cluster of mismanagement and disorganization.'
2019-03-09 02:33:17,"b'@united Another delay, you are about as good with logistics as you are at keeping your planes well painted(maybe ev\xe2\x80\xa6 https://t.co/ooAClT9Axg'"
2019-03-09 02:10:09,"b'#TSA pre-check &amp; #unitedAIRLINES Premier check-in close at 7pm, on a Fri evening, before Spring Break \xf0\x9f\x98\xa1'"
2019-03-09 00:44:25,b'RT @JapanTutorChess: It\xe2\x80\x99s time to fly again :) #dominican #travel #human #love #unitedairlines #we https://t.co/BSU8NYcCVx'
2019-03-09 00:39:36,b'Off to run the #UnitedAirlines #halfmarathon in #DC!  First of five #RunRocknRoll races at #United #hubs.\n\nNothing\xe2\x80\xa6 https://t.co/xEQhtZfCh6'
2019-03-09 00:27:44,b'RT @JapanTutorChess: It\xe2\x80\x99s time to fly again :) #dominican #travel #human #love #unitedairlines #we https://t.co/BSU8NYcCVx'
2019-03-09 00:24:56,b'It\xe2\x80\x99s time to fly again :) #dominican #travel #human #love #unitedairlines #we https://t.co/BSU8NYcCVx'
2019-03-09 00:17:08,b'RT @wldblaze: #unitedAIRLINES why am I sitting on the tarmac for 45 minutes and told we dont have pilots.  They are now found and in route\xe2\x80\xa6'
2019-03-09 00:01:42,"b'RT @Michaelkelly707: Now, this looks interesting #avgeek #UnitedAirlines https://t.co/JUQGTuxhoo'"
2019-03-09 00:01:17,"b'Now, this looks interesting #avgeek #UnitedAirlines https://t.co/JUQGTuxhoo'"
2019-03-08 23:31:30,"b'RT @MikeLapadu: Blue skies, breezy day and plenty of planes departing #klax #koreanaircargo #lufthansa #alaskaairlines #unitedairlines #sou\xe2\x80\xa6'"
2019-03-08 23:30:02,b'Celebrities still haven\xe2\x80\x99t learned their lessons from knee jerking to fake outrage #hashtag &amp; media click-bait. Fake\xe2\x80\xa6 https://t.co/TqoYApUisX'
2019-03-08 23:29:28,"b'Blue skies, breezy day and plenty of planes departing #klax #koreanaircargo #lufthansa #alaskaairlines\xe2\x80\xa6 https://t.co/c0KsRnO8r2'"
2019-03-08 23:06:16,b'#UnitedAirlines your customer service is pitiful and you do not value customers. Saying you do and proving you do a\xe2\x80\xa6 https://t.co/1Bl2Slu9tv'
2019-03-08 22:55:03,b'.@united Flight delays out of PSP caused me to miss connecting flight. Told my only option was to rebook tomorrow.\xe2\x80\xa6 https://t.co/NFLjz7sYiR'
2019-03-08 21:16:30,b'RT @SNspotter53: An United 737 taking off from SFO!\nUnited @united #United #UnitedAirlines\nSan Francisco International Airport @flySFO #SFO\xe2\x80\xa6'
2019-03-08 21:13:00,b'An United 737 taking off from SFO!\nUnited @united #United #UnitedAirlines\nSan Francisco International Airport\xe2\x80\xa6 https://t.co/qCGPtZn1aQ'
2019-03-08 21:09:45,b'#unitedAIRLINES #united. #ewr.   Flight delayed an hour  new boarding time 5:17 Checked incoming flight on United.\xe2\x80\xa6 https://t.co/uUBoygJYuM'
2019-03-08 20:16:37,b'RT @SNspotter53: An United 777 taxing at SFO!\nUnited @united #United #UnitedAirlines\nSan Francisco International Airport @flySFO #SFO #SanF\xe2\x80\xa6'
2019-03-08 20:08:00,b'An United 777 taxing at SFO!\nUnited @united #United #UnitedAirlines\nSan Francisco International Airport @flySFO\xe2\x80\xa6 https://t.co/EkLBo3QgvZ'
2019-03-08 19:37:33,b'Just another Day for @united flight \xe2\x9c\x88\xef\xb8\x8f got delayed and no one knows when I will be making it to my destination (fli\xe2\x80\xa6 https://t.co/6L8lo5t9HS'
2019-03-08 19:16:37,b'RT @SNspotter53: An United 787 taxing at SFO!\nUnited @united #United #UnitedAirlines\nSan Francisco International Airport @flySFO #SFO #SanF\xe2\x80\xa6'
2019-03-08 19:04:00,b'An United 787 taxing at SFO!\nUnited @united #United #UnitedAirlines\nSan Francisco International Airport @flySFO\xe2\x80\xa6 https://t.co/CybhTK64uU'
2019-03-08 19:03:52,"b'#Houston #Texas to #Guatemalacity, #Guatemala is currently on #sale by #united for $140 round trip! Dates include M\xe2\x80\xa6 https://t.co/tY5orssjy5'"
2019-03-08 18:56:02,b'RT @SNspotter53: Widebodies at SFO!\nBA @British_Airways #BritishAirways\nUnited @united #United #UnitedAirlines\nAir France @airfrance @AirFr\xe2\x80\xa6'
2019-03-08 17:57:09,b'RT @SNspotter53: Widebodies at SFO!\nBA @British_Airways #BritishAirways\nUnited @united #United #UnitedAirlines\nAir France @airfrance @AirFr\xe2\x80\xa6'
2019-03-08 17:55:22,b'Flying the @united #friendlyskies today for a short trip the NJ #unitedairlines #airbusa319 #a319 #avgeek #ord\xe2\x80\xa6 https://t.co/pAeE0CxqyI'
2019-03-08 17:25:34,b'#UnitedAirlines screws up another family vacation. Never seen an airline so good at being so bad.'
2019-03-08 17:20:19,"b'U405 child running free in 1st. Seriously? If they can walk, parent should be required to purchase a seat. #unitedAIRLINES'"
2019-03-08 17:17:37,b'RT @SNspotter53: Widebodies at SFO!\nBA @British_Airways #BritishAirways\nUnited @united #United #UnitedAirlines\nAir France @airfrance @AirFr\xe2\x80\xa6'
2019-03-08 17:14:16,b'RT @SNspotter53: Widebodies at SFO!\nBA @British_Airways #BritishAirways\nUnited @united #United #UnitedAirlines\nAir France @airfrance @AirFr\xe2\x80\xa6'
2019-03-08 17:01:38,b'RT @SNspotter53: Widebodies at SFO!\nBA @British_Airways #BritishAirways\nUnited @united #United #UnitedAirlines\nAir\xe2\x80\xa6 https://t.co/6tiFmdjfNM'
2019-03-08 17:01:36,b'RT @SNspotter53: Widebodies at SFO!\nBA @British_Airways #BritishAirways\nUnited @united #United #UnitedAirlines\nAir France @airfrance @AirFr\xe2\x80\xa6'
2019-03-08 16:59:00,b'Widebodies at SFO!\nBA @British_Airways #BritishAirways\nUnited @united #United #UnitedAirlines\nAir France @airfrance\xe2\x80\xa6 https://t.co/12y5Wv35GD'
2019-03-08 16:27:44,"b'Great event in Chicago today. Key quote: ""If everyone on your team looks just like you... it\'s not a great team""\xe2\x80\xa6 https://t.co/Ylb5SzsN1B'"
2019-03-08 15:35:36,b'Great #sale on #flights to from #Miami #Florida to #Seattle #Washington on #UnitedAirlines. Fly from #MIA to #SEA (\xe2\x80\xa6 https://t.co/wrL0qabI7X'
2019-03-08 15:28:28,b'From the Bottom of our #YouthGuidance and #WOW hearts thank you #WomensHistoryMonth #UnitedAirlines https://t.co/ytlGrMh2AL'
2019-03-08 15:11:03,"b""Thank you United Airlines Team! Diray's team were heading to the #IHHS2019 in Chicago as a winter storm hit. Their\xe2\x80\xa6 https://t.co/BShM2idP1p"""
2019-03-08 15:01:46,b'$277 &amp; up - Los Angeles to San Francisco (Rountrip) https://t.co/K3na8x4agc #lax #sfo #unitedairlines'
2019-03-08 14:42:23,"b'@united is the worst!  Here in Minnesota for a funeral, in freezing temps, no baggage.  Day 2 of being told that th\xe2\x80\xa6 https://t.co/xr16mkJfn0'"
2019-03-08 14:14:18,"b'#UnitedAirlines fires 35 employees, saying employees ""brokered"" travel benefits given to workers and their families\xe2\x80\xa6 https://t.co/fdTFJ6UQWr'"
2019-03-08 13:58:05,b'Yet again #Unitedairlines did it again - we get to the airport and #United cancelled our flights home - nothing as of right now \xf0\x9f\x98\xae\xf0\x9f\x98\xae'
2019-03-08 13:14:14,"b'RT @exbecerra: Bad experience with #UnitedAirlines bought my tickets 2 days ago, but system did not pickup all cities. Called today, and ev\xe2\x80\xa6'"
2019-03-08 13:01:03,b'@united airlines employees at @BostonLogan are actually the worst people on earth. I have never met a more rude and\xe2\x80\xa6 https://t.co/XnqTK2m3g8'
2019-03-08 12:46:34,b'RT @BrunoLauper: out now on YouTube by crosswind  \nhttps://t.co/thdO9JVKWe \nMusic by : #atmos #twinreaction \n#helveticairways #unitedairlin\xe2\x80\xa6'
2019-03-08 12:44:44,b'out now on YouTube by crosswind  \nhttps://t.co/thdO9JVKWe \nMusic by : #atmos #twinreaction \n#helveticairways\xe2\x80\xa6 https://t.co/A70zLwtVZy'
2019-03-08 12:35:44,b'#UnitedAirlinesFlights #UnitedAirlinesReservations #UnitedAirlines #UnitedAirlinesOfficialSite\nBook your United Air\xe2\x80\xa6 https://t.co/zUGI9gbe1k'
2019-03-08 11:49:36,b'#UnitedAirlinesReservations #UnitedAirlnesFlights #UnitedAirlinesOfficialSite #UnitedAirlines\nDo check-out some sui\xe2\x80\xa6 https://t.co/VmTvwVnYrQ'
2019-03-08 11:23:24,b'@united You guys never cease to amaze me. You truly have a WORLD-CLASS customer service Twitter team and your cabin\xe2\x80\xa6 https://t.co/kzcrzQsS8k'
2019-03-08 11:19:32,b'Question for u @united yesterday we had a 2hr50 min connection time between our flights and made it comfortably (bu\xe2\x80\xa6 https://t.co/8JPpxoQGSO'
2019-03-08 11:00:01,b'Everything Is on Sale With Southwest &amp; United Vacations | First Class Travel Consultants Hawaii Travel\xe2\x80\xa6 https://t.co/w8lqtAr4p8'
2019-03-08 06:11:37,b'RT @UnitedFlyerHD: United B787-9 (N26966) after pushback at Houston IAH for a flight to SFO\n#avgeek #boeing #boeing787 #dreamliner #UnitedA\xe2\x80\xa6'
2019-03-08 06:09:43,"b'Bad experience with #UnitedAirlines bought my tickets 2 days ago, but system did not pickup all cities. Called toda\xe2\x80\xa6 https://t.co/H3A5VPEotv'"
2019-03-08 05:50:25,b'@united sucks.  United has been lying all day about our luggage that they put on another flight from IAH to MSP.  T\xe2\x80\xa6 https://t.co/uiLHOLG20I'
2019-03-08 05:00:54,b'@UNITEDA1RLINES having us stuck in a metal tube for 12 hrs was beyond messy. #flight624 San Fran to Chicago &amp; half\xe2\x80\xa6 https://t.co/DseTRPWUWw'
2019-03-08 03:11:48,b'@united That was after they de-boarded the plane for a mechanical issue then didn\xe2\x80\x99t have a ground crew to push us o\xe2\x80\xa6 https://t.co/VVhXBcawbq'
2019-03-08 02:37:25,"b'Night night, see you in the Emerald Isle in the morning. \xe2\x98\x98\xef\xb8\x8f #weekendtrip #irelandbound #yaypillows #polaris\xe2\x80\xa6 https://t.co/i6biqu92hx'"
2019-03-08 02:30:32,b'@united delayed on both round trip flight to and from PDX due to mechanical issues... get it together!! #UnitedAirlines'
2019-03-08 02:21:11,b'RT @treasurotica: #Vintage #UnitedAirlines #Stewardess #FlightAttendant Black #Leather Bag  https://t.co/dFkarL7wya #United #purse #purses\xe2\x80\xa6'
2019-03-08 02:08:13,"b""So we've made it to Vegas thanks to @united Untied airlines truly could not have done more to make our honeymoon fl\xe2\x80\xa6 https://t.co/Z1nRvENVtj"""
2019-03-08 00:37:17,b'@unitedairlines I travel regularly and over 40% of the @UNITEDairlines flights are delayed! #unitedairlines doesn\xe2\x80\x99t care!'
2019-03-08 00:34:21,b'Moodlighting on point\xf0\x9f\x91\x8c \xf0\x9f\x8c\x99\xe2\x9d\xa4\xef\xb8\x8f\xe2\x9c\x88\xef\xb8\x8f\n\n#beingunited #unitedairlines #paxex #ife https://t.co/Vs6ZG5fQbB'
2019-03-08 00:31:44,b'Another delayed #united flight! Load us on the plane late and announce they have a mechanical issue. I wish\xe2\x80\xa6 https://t.co/o5Fz9hNNYQ'
2019-03-08 00:20:21,"b'RT @FuckBreitbart: #UnitedAirlines CEO, Oscar Munoz, unveils the Dao Machine, named after Dr David Dao, the passenger who was dragged blood\xe2\x80\xa6'"
2019-03-08 00:13:30,b'@bre_tiesi im running in the Rock n Roll 1/2 marathon this weekend and i want to know if you have any tips on how t\xe2\x80\xa6 https://t.co/ka79TAbedp'
2019-03-08 00:13:28,"b'#UnitedAirlines CEO, Oscar Munoz, unveils the Dao Machine, named after Dr David Dao, the passenger who was dragged\xe2\x80\xa6 https://t.co/RfPPCbODxs'"
2019-03-07 23:36:26,b'@united this is how you value time. This happens almost every week #unitedairlines #jetsetter https://t.co/mmc7oovA3j'
2019-03-07 23:31:50,b'RT @ztravica: United Airlines taking off from YVR with snow capped mountains in the background.\n.\n.\n.\n.\n#yvr #navcanada #UnitedAirlines #av\xe2\x80\xa6'
2019-03-07 23:27:19,b'RT @ztravica: United Airlines taking off from YVR with snow capped mountains in the background.\n.\n.\n.\n.\n#yvr #navcanada #UnitedAirlines #av\xe2\x80\xa6'
2019-03-07 23:20:48,"b'Congratulations @United, you got the last word. Despite having only one connection today after stranding us at the\xe2\x80\xa6 https://t.co/rXdEmxkotC'"
2019-03-07 22:42:36,b'RT @UnitedFlyerHD: United B787-9 (N26966) after pushback at Houston IAH for a flight to SFO\n#avgeek #boeing #boeing787 #dreamliner #UnitedA\xe2\x80\xa6'
2019-03-07 21:40:39,b'And we\xe2\x80\x99re finally on a plane! Our @United journey from southern California to Oregon started at 8am yesterday and w\xe2\x80\xa6 https://t.co/5zAHguGkmw'
2019-03-07 21:30:49,b'Thank you @united for surprising me with this sweet card as soon as I checked-in at the #unitedclub in #Minneapolis\xe2\x80\xa6 https://t.co/lbRrkk8PMF'
2019-03-07 20:36:55,b'RT @UnitedFlyerHD: United B787-9 (N26966) after pushback at Houston IAH for a flight to SFO\n#avgeek #boeing #boeing787 #dreamliner #UnitedA\xe2\x80\xa6'
2019-03-07 20:22:00,"b'Oh hi @United. Just wanted to let you know that we\xe2\x80\x99re still sitting here in @FlySFO almost 24 hours later, waiting\xe2\x80\xa6 https://t.co/VCve60UxQq'"
2019-03-07 20:09:43,b'Newark Airport #snowstorm #flightdelays #cancellations #snowstorm #unitedairlines #ewr https://t.co/HPXdqc6M8E'
2019-03-07 20:00:48,b'$277 &amp; up - Los Angeles to San Francisco (Rountrip) https://t.co/K3na8x4agc #lax #sfo #unitedairlines'
2019-03-07 19:57:01,b'Thanks United for NOT helping me make my connection! Depart early for RCA without me!\n#unitedairlines #ual https://t.co/z9MczZFxkO'
2019-03-07 19:46:31,b'RT @AvEcuadorRT: RT @SNspotter53: Dual takeoffs from SFO!\nUnited @united #United #UnitedAirlines\nAlaska @AlaskaAir #Alaska \nSan Francisco @\xe2\x80\xa6'
2019-03-07 19:41:23,b'RT @Nate_InTheAir: Interesting: a new livery coming soon for United! Sidenote: Alaska Airlines updated its livery i\xe2\x80\xa6 https://t.co/3vvizKlQ8D'
2019-03-07 19:41:23,b'RT @SNspotter53: Dual takeoffs from SFO!\nUnited @united #United #UnitedAirlines\nAlaska @AlaskaAir #Alaska \nSan Fran\xe2\x80\xa6 https://t.co/r6Z5kJBnEm'
2019-03-07 19:31:30,b'RT @SNspotter53: Dual takeoffs from SFO!\nUnited @united #United #UnitedAirlines\nAlaska @AlaskaAir #Alaska \nSan Francisco @flySFO #SFO #SanF\xe2\x80\xa6'
2019-03-07 19:29:05,b'Interesting: a new livery coming soon for United! Sidenote: Alaska Airlines updated its livery in 2015. #AvGeek\xe2\x80\xa6 https://t.co/OJTL5vvffh'
2019-03-07 19:29:00,b'Dual takeoffs from SFO!\nUnited @united #United #UnitedAirlines\nAlaska @AlaskaAir #Alaska \nSan Francisco @flySFO\xe2\x80\xa6 https://t.co/ihltv5t6xm'
2019-03-07 19:20:59,b'Btw feeling super confident about boarding this @United flight with all these mechanical issues. #unitedairlines'
2019-03-07 19:15:17,"b'Also, @United employee tried to charge us a second time for checking our bags this morning- hilarious, as we stayed\xe2\x80\xa6 https://t.co/VTLOBoSJ8v'"
2019-03-07 19:13:33,b'United Airlines Boeing 737-824(N11206)\n#UnitedAirlines #MSP #mspairport https://t.co/OBAUJGz5JM'
2019-03-07 18:20:09,"b'Back to Ohio for a quick visit with the family. But first, hopefully a safe, pleasant flight. #unitedairlines,\xe2\x80\xa6 https://t.co/NWUshMAPS7'"
2019-03-07 18:12:56,b'RT @flyLAXairport: Congratulations to @united for receiving a Gold Award for Best Hospitality Project from the @LABJNews for their new #Pol\xe2\x80\xa6'
2019-03-07 17:53:05,b'RT @SNspotter53: An United 757 landing at SFO!\nUnited @united #United #UnitedAirlines\nSan Francisco International Airport @flySFO #SFO #San\xe2\x80\xa6'
2019-03-07 17:29:07,b'My parents were traveling @United yesterday too- the flight they rebooked them on this morning was supposed to take\xe2\x80\xa6 https://t.co/ZJqBu3bc7M'
2019-03-07 17:27:37,b'Another potential slogan for @United: You need to get from California to Oregon? How hard can that be! #unitedairlines #yourewelcome'
2019-03-07 17:24:49,b'New slogan for @United: We might get you there! #unitedairlines'
2019-03-07 17:16:33,b'RT @flyLAXairport: Congratulations to @united for receiving a Gold Award for Best Hospitality Project from the @LABJNews for their new #Pol\xe2\x80\xa6'
2019-03-07 16:49:48,"b'Entering hour 2 on the runway. Maybe check the smoke detectors *before* you board us, #UnitedAirlines #ewr'"
2019-03-07 16:46:37,b'Hey @United do these $10 vouchers apply toward hospital stays?? Just wondering for when I go into early labor from\xe2\x80\xa6 https://t.co/JzrrDK3EHV'
2019-03-07 16:44:18,b'We have spoken no less than eight @United employees about our situation and they all look through us like we\xe2\x80\x99re inv\xe2\x80\xa6 https://t.co/372eAOz82J'
2019-03-07 16:07:35,"b'Day two of our adventure trying to get from CA to OR on @United. Kids are exhausted, went to bed at 2am after Unite\xe2\x80\xa6 https://t.co/p4uKsyg0l0'"
2019-03-07 15:30:21,"b'Fly the Friendly Skies with a #UnitedAirlines Credit Card bonus valued at more than $1,000\n\nhttps://t.co/i1aNme30ZT'"
2019-03-07 15:20:32,b'#UnitedAirlines Willing to Delay Flights for Late-Running Passengers\n\nhttps://t.co/fnIszmU2EO'
2019-03-07 14:27:00,b'It\xe2\x80\x99s started to snow in Seattle again. Deicing our planes for safety. #teamSEArocks @united @weareunited #deicing\xe2\x80\xa6 https://t.co/ZwzzordSUZ'
2019-03-07 14:20:44,"b'Great news for air travel, using #data to improve #customerexperience.  #analytics #datascience #futuretrends\xe2\x80\xa6 https://t.co/hMObLRM6ih'"
2019-03-07 14:17:01,"b""Review of United Airlines First Class Chicago to San Juan | Men's Variety https://t.co/VHwkGvwCJT\n#unitedAIRLINES\xe2\x80\xa6 https://t.co/C31925fLzr"""
2019-03-07 12:13:22,b'RT @UnitedFlyerHD: United B787-9 (N26966) after pushback at Houston IAH for a flight to SFO\n#avgeek #boeing #boeing787 #dreamliner #UnitedA\xe2\x80\xa6'
2019-03-07 11:29:36,"b'RT @GATAGSTeam: 0500 or 1200 or 2100 no matter the time, our team in OMA is ready to give industry leading customer service to United Airli\xe2\x80\xa6'"
2019-03-07 11:26:53,"b'0500 or 1200 or 2100 no matter the time, our team in OMA is ready to give industry leading customer service to Unit\xe2\x80\xa6 https://t.co/l6JMsihd8K'"
2019-03-07 10:46:46,b'RT @UnitedFlyerHD: United B787-9 (N26966) after pushback at Houston IAH for a flight to SFO\n#avgeek #boeing #boeing787 #dreamliner #UnitedA\xe2\x80\xa6'
2019-03-07 10:44:59,b'RT @UnitedFlyerHD: United B787-9 (N26966) after pushback at Houston IAH for a flight to SFO\n#avgeek #boeing #boeing787 #dreamliner #UnitedA\xe2\x80\xa6'
2019-03-07 08:59:37,b'Oh my God @united could u guys get any better? I think not. A glass of champagne and the loveliest of cabin crew co\xe2\x80\xa6 https://t.co/V8zLwLK23u'
2019-03-07 08:18:16,b'@united Very disappointed in @United. Can\xe2\x80\x99t trust #UnitedAirlines to fly our family.'
2019-03-07 05:21:13,b'RT @UnitedFlyerHD: United B787-9 (N26966) after pushback at Houston IAH for a flight to SFO\n#avgeek #boeing #boeing787 #dreamliner #UnitedA\xe2\x80\xa6'
2019-03-07 04:47:15,b'RT @UnitedFlyerHD: United B787-9 (N26966) after pushback at Houston IAH for a flight to SFO\n#avgeek #boeing #boeing787 #dreamliner #UnitedA\xe2\x80\xa6'
2019-03-07 04:35:25,"b'@united Y\xe2\x80\x99all got some REAL explaining to do, wtf is this shit in your safety video? Looks like a real deal penis,\xe2\x80\xa6 https://t.co/sEJPRdB0IH'"
2019-03-07 04:04:37,"b'RT @allnaturalcandi: Terribly frustrated with @united right now. Was notified that my seat was changed due to an aircraft swap. However, th\xe2\x80\xa6'"
2019-03-07 03:44:55,b'RT @darrylwalter: The Lounges You Didn\xe2\x80\x99t Know You Could Use on Domestic Flights #StarAlliance #UnitedAirlines #travel  https://t.co/5CuulJv\xe2\x80\xa6'
2019-03-07 03:43:28,b'The Lounges You Didn\xe2\x80\x99t Know You Could Use on Domestic Flights #StarAlliance #UnitedAirlines #travel  https://t.co/5CuulJvDwL'
2019-03-07 03:09:42,b'RT @UnitedFlyerHD: United B787-9 (N26966) after pushback at Houston IAH for a flight to SFO\n#avgeek #boeing #boeing787 #dreamliner #UnitedA\xe2\x80\xa6'
2019-03-07 03:09:31,b'United B787-9 (N26966) after pushback at Houston IAH for a flight to SFO\n#avgeek #boeing #boeing787 #dreamliner\xe2\x80\xa6 https://t.co/jv0UWHSgKD'
2019-03-07 03:00:47,"b'Terribly frustrated with @united right now. Was notified that my seat was changed due to an aircraft swap. However,\xe2\x80\xa6 https://t.co/pAeFLqiC7j'"
2019-03-07 01:59:15,b'#UnitedAirlines sitting on tarmac for 3 hours ugh #flyingsucks #'
2019-03-07 00:18:01,b'The window to @flymco \xe2\x9c\x88 Happy #windowviewwednesday \xf0\x9f\x91\x8d #FlyMCO\n.\n.\n.\n#airplane #window #view #unitedairlines\xe2\x80\xa6 https://t.co/HvVpxU9l6H'
2019-03-07 00:16:25,b'RT @SNspotter53: An United 757 landing at SFO!\nUnited @united #United #UnitedAirlines\nSan Francisco International Airport @flySFO #SFO #San\xe2\x80\xa6'
2019-03-06 23:47:58,b'RT @TothRj: The window to flymco \xe2\x9c\x88 Happy #windowviewwednesday \xf0\x9f\x91\x8d #FlyMCO\n.\n.\n.\n#airplane #window #view #unitedairlines #myunitedjourney #tra\xe2\x80\xa6'
2019-03-06 23:46:52,b'RT @piojiux: My favorite tower #unitedairlines #boeing #757 #boeing757 #b753 #boeinglovers #instaaviation #aviation #aviationlovers #avpics\xe2\x80\xa6'
2019-03-06 23:33:19,b'My favorite tower #unitedairlines #boeing #757 #boeing757 #b753 #boeinglovers #instaaviation #aviation\xe2\x80\xa6 https://t.co/aqS3ajNYKc'
2019-03-06 23:23:45,b'The window to flymco \xe2\x9c\x88 Happy #windowviewwednesday \xf0\x9f\x91\x8d #FlyMCO\n.\n.\n.\n#airplane #window #view #unitedairlines\xe2\x80\xa6 https://t.co/e7TTIUMXpz'
2019-03-06 21:45:51,b'A United Airlines Boeing 757-222 departing from runway 7L at LAX. \xf0\x9f\x93\xb7\xf0\x9f\x9b\xab\xf0\x9f\x87\xba\xf0\x9f\x87\xb8 #LAX #LosAngelesInternationalAirport\xe2\x80\xa6 https://t.co/dV7EW1TFVW'
2019-03-06 21:16:31,b'RT @SNspotter53: An United 757 landing at SFO!\nUnited @united #United #UnitedAirlines\nSan Francisco International Airport @flySFO #SFO #San\xe2\x80\xa6'
2019-03-06 21:10:00,b'An United 757 landing at SFO!\nUnited @united #United #UnitedAirlines\nSan Francisco International Airport @flySFO\xe2\x80\xa6 https://t.co/XpM8xzOGM0'
2019-03-06 20:41:26,b'RT @KneeCRee: Check out #UnitedAirlines 747 Collectible Travel Kit Socks Toothbrush Ear Plugs Toiletries  https://t.co/JiwWRXjn4z via @eBay\xe2\x80\xa6'
2019-03-06 20:11:08,"b'@united On 3/4, I had a great phone interaction with Barbie from reserv.! She listened to my issue, was quick to re\xe2\x80\xa6 https://t.co/iaggv1XNT3'"
2019-03-06 20:02:37,b'@united #unitedairlines 122 substitute aircraft departed at lunchtime with breakfast food. Too bad catering didn\xe2\x80\x99t\xe2\x80\xa6 https://t.co/9nk0Sq1HOp'
2019-03-06 20:00:58,b'$331 &amp; up - Newark to Ontario (Rountrip) https://t.co/K3na8x4agc #ewr #ont #unitedairlines'
2019-03-06 18:30:34,b'RT @KneeCRee: Check out #UnitedAirlines 747 Collectible Travel Kit Socks Toothbrush Ear Plugs Toiletries  https://t.co/JiwWRXjn4z via @eBay\xe2\x80\xa6'
2019-03-06 18:21:42,b'@united so I guess so much for the United promise of caring customer service #UnitedAirlines #mileageplus program'
2019-03-06 17:41:29,b'RT @_Catherine_Ford: @FakeOscarMunoz @tmount @airindiain Hopefully it isn\xe2\x80\x99t #MAGA.\n\n#avgeek #UnitedAirlines'
2019-03-06 17:16:44,b'RT @SNspotter53: An United 787 taking off from SFO!\nUnited @united #United #UnitedAirlines\nSan Francisco International Airport @flySFO #SFO\xe2\x80\xa6'
2019-03-06 17:11:05,b'So stressful having no seat assigned on connecting flight to #neworleans Thank you nice lady at #unitedairlines cus\xe2\x80\xa6 https://t.co/MaBdOrir5K'
2019-03-06 17:07:03,b'@FakeOscarMunoz @tmount @airindiain Hopefully it isn\xe2\x80\x99t #MAGA.\n\n#avgeek #UnitedAirlines'
2019-03-06 17:02:00,b'An United 787 taking off from SFO!\nUnited @united #United #UnitedAirlines\nSan Francisco International Airport\xe2\x80\xa6 https://t.co/Xe628dh6PI'
2019-03-06 16:50:46,b'#SINgapore! Year round sun  #MyUnitedJourney #unitedairlines #united https://t.co/2n1ouNsOIQ'
2019-03-06 15:36:43,"b""RT @SarahZurell: It's the end of an era. I'm officially done flying @united. They have bad policies &amp; no respect for customers. Due to horr\xe2\x80\xa6"""
2019-03-06 15:18:43,b'Flight delay and missed connecting flight. How will @united  handle this?! #flight663 #unitedAIRLINES'
2019-03-06 15:01:51,"b""Really wanted my return flight to depart from Lynchburg but United #UnitedAirlines apparently doesn't have any flig\xe2\x80\xa6 https://t.co/PmEu0htVc2"""
2019-03-06 14:01:57,b'United Airlines taking off from YVR with snow capped mountains in the background.\n.\n.\n.\n.\n#yvr #navcanada\xe2\x80\xa6 https://t.co/GP7v6YdN4j'
2019-03-06 12:11:17,b'RT @flyLAXairport: Congratulations to @united for receiving a Gold Award for Best Hospitality Project from the @LABJNews for their new #Pol\xe2\x80\xa6'
2019-03-06 11:22:57,b'#UnitedAirlinesReservavtions #UnitedAirlinesFlights #unitedairlines \nFly to Dubai with United Airlines Reservations\xe2\x80\xa6 https://t.co/WYhhLjqt7R'
2019-03-06 11:11:11,b'RT @JMPR_Aviation: First X-Plane content \xf0\x9f\x98\x9d\n#xplane #xplane11 #Steam #flying #simulation #simulator #Airplane #Aircraft #United #UnitedAirli\xe2\x80\xa6'
2019-03-06 10:19:39,b'The Special Olympics World Games Abu Dhabi 2019 is just 8 days away!\n#MeetTheDetermined #AbuDhabi2019 #BeUnified\xe2\x80\xa6 https://t.co/jxFp6w35Y0'
2019-03-06 09:00:32,b'Is trading gift cards for United miles a good deal? #travel https://t.co/KaAc0HDcIs #giftcards #manufacturedspend #unitedairlines'
2019-03-06 08:50:58,b'Very impressed with the service of #Unitedairlines @united \xf0\x9f\x91\x8f\xf0\x9f\x91\x8f\xf0\x9f\x91\x8f'
2019-03-06 07:30:43,b'@GeorgeHatcher @ChrisMatyszczyk @Inc Good article on a bad tragedy.   #UnitedAirlines   #AmazonJetlinerCrash   \xf0\x9f\x98\x8e'
2019-03-06 07:05:01,b'RT @pilotwifelife: #UnitedAirlines gives wings and epaulets to #flight3591 widow. \nhttps://t.co/IxzQPJOvHt'
2019-03-06 04:57:46,b'RT @pilotwifelife: #UnitedAirlines gives wings and epaulets to #flight3591 widow. \nhttps://t.co/IxzQPJOvHt'
2019-03-06 03:59:59,b'RT @pilotwifelife: #UnitedAirlines gives wings and epaulets to #flight3591 widow. \nhttps://t.co/IxzQPJOvHt'
2019-03-06 03:53:08,b'RT @pilotwifelife: #UnitedAirlines gives wings and epaulets to #flight3591 widow. \nhttps://t.co/IxzQPJOvHt'
2019-03-06 03:26:15,b'If anyone who travels on #unitedairlines quite a bit you will notice some changes with the updated #unitedapp . Mos\xe2\x80\xa6 https://t.co/kcjYOSRzwf'
2019-03-06 03:25:52,b'RT @UnitedFlyerHD: United B737 Max 9 (N67501) lines up on Houston IAH 33L\n#avgeek #MaxMonday #unitedairlines #boeing #boeing737 #b737max ht\xe2\x80\xa6'
2019-03-06 03:25:36,"b'Hr 12 at #SFO Got on a flight to Mammoth, weather turned 15 mins before we were set to land. They sent us back. Reb\xe2\x80\xa6 https://t.co/xACs6LlTzA'"
2019-03-06 03:09:37,b'RT @pilotwifelife: #UnitedAirlines gives wings and epaulets to #flight3591 widow. \nhttps://t.co/IxzQPJOvHt'
2019-03-06 02:56:27,"b'Violent crimes are at an all-time high on #Bart. On a more positive note, #UnitedAirlines struck a deal with the tr\xe2\x80\xa6 https://t.co/tK4X7h1Qm8'"
2019-03-06 02:52:21,b'RT @pilotwifelife: #UnitedAirlines gives wings and epaulets to #flight3591 widow. \nhttps://t.co/IxzQPJOvHt'
2019-03-06 02:11:20,b'RT @pilotwifelife: #UnitedAirlines gives wings and epaulets to #flight3591 widow. \nhttps://t.co/IxzQPJOvHt'
2019-03-06 02:06:46,b'RT @pilotwifelife: #UnitedAirlines gives wings and epaulets to #flight3591 widow. \nhttps://t.co/IxzQPJOvHt'
2019-03-06 02:05:22,b'RT @pilotwifelife: #UnitedAirlines gives wings and epaulets to #flight3591 widow. \nhttps://t.co/IxzQPJOvHt'
2019-03-06 02:04:58,b'#UnitedAirlines you need to do the right thing! @united Put customers first! @artsinspired @STiknis https://t.co/OxPOlNWiZX'
2019-03-06 02:04:48,"b'United B739 flight #UA309 near Denver on Mar 4th 2019, engine shut down in flight.\n\nhttps://t.co/5gCsPah0ll\xe2\x80\xa6 https://t.co/2p1F5kpRJp'"
2019-03-06 01:34:25,b'C\xe2\x80\x99mon Denver! Flight delays. Altitude induced headache. Tornado shelter signs everywhere. Thought you\xe2\x80\x99d be better t\xe2\x80\xa6 https://t.co/9oymnlg0sx'
2019-03-06 01:07:02,b'@chargerback_Web Ever experienced the sinking feeling that comes from forgetting a very important item on an airpla\xe2\x80\xa6 https://t.co/rLacJq6CNa'
2019-03-06 00:30:42,b'RT @flyLAXairport: Congratulations to @united for receiving a Gold Award for Best Hospitality Project from the @LABJNews for their new #Pol\xe2\x80\xa6'
2019-03-05 23:49:36,b'RT @UnitedFlyerHD: United B737 Max 9 (N67501) lines up on Houston IAH 33L\n#avgeek #MaxMonday #unitedairlines #boeing #boeing737 #b737max ht\xe2\x80\xa6'
2019-03-05 22:52:25,b'RT @pilotwifelife: #UnitedAirlines gives wings and epaulets to #flight3591 widow. \nhttps://t.co/IxzQPJOvHt'
2019-03-05 21:19:00,b'RT @SNspotter53: An United 787 taking off from SFO!\nUnited @united #United #UnitedAirlines\nSan Francisco International Airport @flySFO #SFO\xe2\x80\xa6'
2019-03-05 21:16:50,b'RT @SNspotter53: An United 787 taking off from SFO!\nUnited @united #United #UnitedAirlines\nSan Francisco International Airport @flySFO #SFO\xe2\x80\xa6'
2019-03-05 21:16:36,b'RT @SNspotter53: An United 787 taking off from SFO!\nUnited @united #United #UnitedAirlines\nSan Francisco International Airport @flySFO #SFO\xe2\x80\xa6'
2019-03-05 21:08:14,b'@united just boarded a FULL flight to IAH from YYC; got everyone on board and then announced a maint. issue for del\xe2\x80\xa6 https://t.co/zA35X9qWme'
2019-03-05 21:04:09,b'RT @SNspotter53: An United 787 taking off from SFO!\nUnited @united #United #UnitedAirlines\nSan Francisco International Airport @flySFO #SFO\xe2\x80\xa6'
2019-03-05 21:03:01,b'An United 787 taking off from SFO!\nUnited @united #United #UnitedAirlines\nSan Francisco International Airport\xe2\x80\xa6 https://t.co/eo6lcFPiSK'
2019-03-05 20:04:23,"b'Majuro Atoll, Marshall Islands\n#marshallislands #majuroatoll #majuro #majuroairport #unitedairlines https://t.co/wxyX2zGAAU'"
2019-03-05 19:33:30,b'RT @MuggeridgePhil: Check in for our honeymoon flight to Vegas with @united opens in just over 12 hours. Could I be any more excited? Wonde\xe2\x80\xa6'
2019-03-05 19:05:16,b'An @united @AirbusInTheUS A320-232 [#N449UA] landing on 18R at Dallas/Fort Worth International Airport (@DFWAirport\xe2\x80\xa6 https://t.co/P9LBsO6Moq'
2019-03-05 18:59:47,b'Check in for our honeymoon flight to Vegas with @united opens in just over 12 hours. Could I be any more excited? W\xe2\x80\xa6 https://t.co/T4zQI9WvQq'
2019-03-05 18:49:05,b'RT @flyLAXairport: Congratulations to @united for receiving a Gold Award for Best Hospitality Project from the @LABJNews for their new #Pol\xe2\x80\xa6'
2019-03-05 18:28:11,b'Congratulations to united for receiving a Gold Award for Best Hospitality Project from the LABJNews for their new\xe2\x80\xa6 https://t.co/sBJy07X9Cd'
2019-03-05 18:27:19,b'Congratulations to @united for receiving a Gold Award for Best Hospitality Project from the @LABJNews for their new\xe2\x80\xa6 https://t.co/ugL0nWlIY4'
2019-03-05 18:14:03,b'RT @pilotwifelife: #UnitedAirlines gives wings and epaulets to #flight3591 widow. \nhttps://t.co/IxzQPJOvHt'
2019-03-05 18:00:00,b'RT @UnitedFlyerHD: United B737 Max 9 (N67501) lines up on Houston IAH 33L\n#avgeek #MaxMonday #unitedairlines #boeing #boeing737 #b737max ht\xe2\x80\xa6'
2019-03-05 17:53:56,b'RT @UnitedFlyerHD: United B737 Max 9 (N67501) lines up on Houston IAH 33L\n#avgeek #MaxMonday #unitedairlines #boeing #boeing737 #b737max ht\xe2\x80\xa6'
2019-03-05 17:50:13,b'Perfectly timed with our March 2019 competition whereby every Business Class ticket purchased with United is entere\xe2\x80\xa6 https://t.co/MLQfRUYSBH'
2019-03-05 17:48:12,b'#UnitedAirlines gives wings and epaulets to #flight3591 widow. \nhttps://t.co/IxzQPJOvHt'
2019-03-05 17:38:10,b'A very heartfelt gesture by #UnitedAirlines. Few get to do what we do. He made it. Tragic he didn\xe2\x80\x99t get to live it.\xe2\x80\xa6 https://t.co/EP0IijurEg'
2019-03-05 17:16:39,b'RT @SNspotter53: An United 767 taking off from SFO!\nUnited @united #United #UnitedAirlines\nSan Francisco International Airport @flySFO #SFO\xe2\x80\xa6'
2019-03-05 17:07:00,b'An United 767 taking off from SFO!\nUnited @united #United #UnitedAirlines\nSan Francisco International Airport\xe2\x80\xa6 https://t.co/llWb9csSGH'
2019-03-05 15:05:50,b'RT @UnitedFlyerHD: United B737 Max 9 (N67501) lines up on Houston IAH 33L\n#avgeek #MaxMonday #unitedairlines #boeing #boeing737 #b737max ht\xe2\x80\xa6'
2019-03-05 15:04:27,"b""@united it is increasingly frustrating to believe you're committed to client service based on our experience at Bos\xe2\x80\xa6 https://t.co/CTPWZGlj86"""
2019-03-05 15:01:12,b'$331 &amp; up - Newark to Ontario (Rountrip) https://t.co/K3na8x4agc #ewr #ont #unitedairlines'
2019-03-05 13:53:22,b'RT @DMangas1: @united is dishing out racism in @visitmontrose ! My Hispanic wife &amp; infant son were turned away from the check in counter \xe2\x80\x9cy\xe2\x80\xa6'
2019-03-05 13:43:21,"b'#UnitedAirlines Thank you for making check in at the Las Vegas airport so fantastic! Shoutout to Grace, who was tru\xe2\x80\xa6 https://t.co/iHKIJnutGw'"
2019-03-05 13:42:42,"b""And he's already gone back to Europe\xf0\x9f\x91\x8c #travel #unitedAIRLINES #amrica #California #sky https://t.co/gzye5y4mYN"""
2019-03-05 13:05:42,b'RT @UnitedFlyerHD: United B737 Max 9 (N67501) lines up on Houston IAH 33L\n#avgeek #MaxMonday #unitedairlines #boeing #boeing737 #b737max ht\xe2\x80\xa6'
2019-03-05 13:04:49,b'RT @UnitedFlyerHD: United B737 Max 9 (N67501) lines up on Houston IAH 33L\n#avgeek #MaxMonday #unitedairlines #boeing #boeing737 #b737max ht\xe2\x80\xa6'
2019-03-05 12:09:17,b'List of Major Airline Hubs:\n\nUnited Airlines\nAmerican Airlines\nDelta\nSouthwest\nJet Blue\nAlaska Airlines\nVirgin Amer\xe2\x80\xa6 https://t.co/LKSC4T2AdL'
2019-03-05 11:58:12,b'Platinum member here who reached out via customer care about a Texas A&amp;M study abroad group traveling to Australia\xe2\x80\xa6 https://t.co/iydKVhI9Dh'
2019-03-05 11:41:55,b'I just drove past Heathrow and got so excited as its now only 2 days till I fly with @united After their amazing wo\xe2\x80\xa6 https://t.co/KLp0kqnWk1'
2019-03-05 11:14:35,b'UA4963 - 5:43am was our delayed boarding time. It is 6:11am and no word... Lots of@upset people this morning! Lol..\xe2\x80\xa6 https://t.co/LuE2wT9CLl'
2019-03-05 09:39:29,b'RT @UnitedFlyerHD: United B737 Max 9 (N67501) lines up on Houston IAH 33L\n#avgeek #MaxMonday #unitedairlines #boeing #boeing737 #b737max ht\xe2\x80\xa6'
2019-03-05 08:48:42,b'Airlines with top frequent flyer programs in USA\nhttps://t.co/L5oJeK6zU8 #WorldTravel #TravelNews #TravelIndustry\xe2\x80\xa6 https://t.co/llZ4wrpo4l'
2019-03-05 07:05:17,b'My Ride home \xf0\x9f\x8f\xa1 \xf0\x9f\x91\x8d\xf0\x9f\x8f\xbc. Finally headed back to the USA \xf0\x9f\x87\xba\xf0\x9f\x87\xb8.  #aviationfestival #unitedairlines #staralliance #tokyo\xe2\x80\xa6 https://t.co/4cccuhNm8b'
2019-03-05 05:36:48,"b""Thanks to United Airlines and Caesar's Palance Hotel group for making my travel survivable to the next gig!\xe2\x80\xa6 https://t.co/rroNKhy1gP"""
2019-03-05 05:19:29,b'RT @UnitedFlyerHD: United B737 Max 9 (N67501) lines up on Houston IAH 33L\n#avgeek #MaxMonday #unitedairlines #boeing #boeing737 #b737max ht\xe2\x80\xa6'
2019-03-05 05:03:30,b'RT @UnitedFlyerHD: United B737 Max 9 (N67501) lines up on Houston IAH 33L\n#avgeek #MaxMonday #unitedairlines #boeing #boeing737 #b737max ht\xe2\x80\xa6'
2019-03-05 04:33:50,b'RT @UnitedFlyerHD: United B737 Max 9 (N67501) lines up on Houston IAH 33L\n#avgeek #MaxMonday #unitedairlines #boeing #boeing737 #b737max ht\xe2\x80\xa6'
2019-03-05 04:09:56,b'RT @UnitedFlyerHD: United B737 Max 9 (N67501) lines up on Houston IAH 33L\n#avgeek #MaxMonday #unitedairlines #boeing #boeing737 #b737max ht\xe2\x80\xa6'
2019-03-05 03:58:39,b'United B737 Max 9 (N67501) lines up on Houston IAH 33L\n#avgeek #MaxMonday #unitedairlines #boeing #boeing737\xe2\x80\xa6 https://t.co/yEVpagjRfU'
2019-03-05 02:46:58,b'#unitedAIRLINES should mention United\xe2\x80\x99s own flight attendant told bunch of us while getting off plane to \xe2\x80\x9cfly south\xe2\x80\xa6 https://t.co/z0rQCgeBe2'
2019-03-05 02:44:30,b'#unitedAIRLINES United if you are listening please fix this horrific issue if you have any decency at all. Would li\xe2\x80\xa6 https://t.co/TjHUfR4VxV'
2019-03-05 02:44:30,b'#unitedAIRLINES cont... Mind u have not got voucher promised or refund for bag. United clearly does not care about\xe2\x80\xa6 https://t.co/uLbzdFnG0x'
2019-03-05 02:44:30,b'#unitedAIRLINES How does United mess up this badly and offer such bad service? Should have taken note when United f\xe2\x80\xa6 https://t.co/qioGwWgo5S'
2019-03-05 02:44:29,b'#unitedAIRLINES Nightmare cont: after nightmare trip united lost bags. Got on totally dif flight less than week lat\xe2\x80\xa6 https://t.co/ft0PfrY5xn'
2019-03-05 02:44:29,b'@united #unitedAIRLINES worst airline: offered full voucher for flight by multiple united employees do to countless\xe2\x80\xa6 https://t.co/CnziIf6UIv'
2019-03-05 02:26:11,b'RT @traci_ferris: It was such an honor to introduce my amazing family to EGE today for College and Career week!@MsFerrisC @HumbleISD_EGE #u\xe2\x80\xa6'
2019-03-05 02:25:32,b'@InfiniteFlyPix  beautiful #UnitedAirlines Boeing 737 MAX 7 sunset flight. Keep up the amazing updates and graphics\xe2\x80\xa6 https://t.co/TLP15DuQ7Z'
2019-03-05 01:40:03,b'RT @scramble_nl: Flight #UA4933 from #EWR to #PQI skidded of the runway after its 2nd landing attempt. @embraer #ERJ145 N14171 sustained da\xe2\x80\xa6'
2019-03-05 01:00:40,b'$331 &amp; up - Newark to Ontario (Rountrip) https://t.co/K3na8x4agc #ewr #ont #unitedairlines'
2019-03-05 00:56:40,b'Don\xe2\x80\x99t book united everyone. Customer service is awful and almost missed flight because of all the hoops they made u\xe2\x80\xa6 https://t.co/C0srcLu85x'
2019-03-05 00:52:16,b'RT @traci_ferris: It was such an honor to introduce my amazing family to EGE today for College and Career week!@MsFerrisC @HumbleISD_EGE #u\xe2\x80\xa6'
2019-03-05 00:51:41,b'Okay #unitedAIRLINES you planned for my flight to be late!  How can a plane take off at 8:30 if you planned for the\xe2\x80\xa6 https://t.co/JMVATFLNyZ'
2019-03-05 00:42:53,"b""RT @AmyRidenour: If United isn't beating up their passengers, they're letting other passengers do it for them.  At least six passengers urg\xe2\x80\xa6"""
2019-03-05 00:38:38,"b'View of my flight to DC. Had to make an emergency landing in Denver, but all is well. Had time for a real lunch. Ba\xe2\x80\xa6 https://t.co/NM5joH9Iv8'"
2019-03-05 00:19:25,b'RT @DMangas1: @united way to give me a generic and completely unhelpful answer and say you take these things seriously. You have zero custo\xe2\x80\xa6'
2019-03-04 22:46:27,b'RT @DMangas1: @united way to give me a generic and completely unhelpful answer and say you take these things seriously. You have zero custo\xe2\x80\xa6'
2019-03-04 22:42:06,b'@united This is a lie. You didn\xe2\x80\x99t allow my family to get on a flight because we were \xe2\x80\x9c5 minutes late\xe2\x80\x9d and there was\xe2\x80\xa6 https://t.co/KOKN6Y9Deg'
2019-03-04 22:21:02,"b""RT @JohnHunt2743: \xe2\x9c\x88\xef\xb8\x8f WHEN YOU CAN'T AFFORD COACH \xe2\x9c\x88\xef\xb8\x8f\n\xf0\x9f\x98\xb0\xf0\x9f\x95\x8a\xef\xb8\x8f\nRetweets Likes and Comments \nFollow \xe2\x9c\x85 Follow Back \xe2\x9c\x85 \nVoice-Over by @JohnHunt2743 \n#\xe2\x80\xa6"""
2019-03-04 22:04:56,b'RT @scramble_nl: Flight #UA4933 from #EWR to #PQI skidded of the runway after its 2nd landing attempt. @embraer #ERJ145 N14171 sustained da\xe2\x80\xa6'
2019-03-04 21:43:00,b'@united way to give me a generic and completely unhelpful answer and say you take these things seriously. You have\xe2\x80\xa6 https://t.co/YfMqJBbvnz'
2019-03-04 21:42:12,b'RT @scramble_nl: Flight #UA4933 from #EWR to #PQI skidded of the runway after its 2nd landing attempt. @embraer #ERJ145 N14171 sustained da\xe2\x80\xa6'
2019-03-04 21:14:48,b'RT @scramble_nl: Flight #UA4933 from #EWR to #PQI skidded of the runway after its 2nd landing attempt. @embraer #ERJ145 N14171 sustained da\xe2\x80\xa6'
2019-03-04 21:11:38,b'Upgraded to the Front and found myself in this seat on flying day IAD to IAH on a 767 #UnitedAirlines\xe2\x80\xa6 https://t.co/9sNSrttpoR'
2019-03-04 20:53:21,b'RT @scramble_nl: Flight #UA4933 from #EWR to #PQI skidded of the runway after its 2nd landing attempt. @embraer #ERJ145 N14171 sustained da\xe2\x80\xa6'
2019-03-04 20:52:55,b'RT @scramble_nl: Flight #UA4933 from #EWR to #PQI skidded of the runway after its 2nd landing attempt. @embraer #ERJ145 N14171 sustained da\xe2\x80\xa6'
2019-03-04 20:51:55,b'Now we can\xe2\x80\x99t get our luggage from the carousel lol. This is a serious joke #unitedairlines @united'
2019-03-04 20:46:49,b'RT @scramble_nl: Flight #UA4933 from #EWR to #PQI skidded of the runway after its 2nd landing attempt. @embraer #ERJ145 N14171 sustained da\xe2\x80\xa6'
2019-03-04 20:46:33,b'RT @scramble_nl: Flight #UA4933 from #EWR to #PQI skidded of the runway after its 2nd landing attempt. @embraer #ERJ145 N14171 sustained da\xe2\x80\xa6'
2019-03-04 20:45:02,b'RT @scramble_nl: Flight #UA4933 from #EWR to #PQI skidded of the runway after its 2nd landing attempt. @embraer #ERJ145 N14171 sustained da\xe2\x80\xa6'
2019-03-04 20:44:27,b'Flight #UA4933 from #EWR to #PQI skidded of the runway after its 2nd landing attempt. @embraer #ERJ145 N14171 susta\xe2\x80\xa6 https://t.co/OmhQxAWemR'
2019-03-04 19:58:10,"b'Once again,   #unitedairlines keeps us hostage as they jack up everyone\xe2\x80\x99s life. #TheyDontCare #UnitedDoesntCare'"
2019-03-04 18:42:49,"b'United Airlines announced a design contest, that gives female artists the chance to design a mural for a Boeing 757\xe2\x80\xa6 https://t.co/ARKlveywjD'"
2019-03-04 18:17:09,b'RT @DMangas1: @united is dishing out racism in @visitmontrose ! My Hispanic wife &amp; infant son were turned away from the check in counter \xe2\x80\x9cy\xe2\x80\xa6'
2019-03-04 18:09:40,b'RT @DMangas1: @united is dishing out racism in @visitmontrose ! My Hispanic wife &amp; infant son were turned away from the check in counter \xe2\x80\x9cy\xe2\x80\xa6'
2019-03-04 18:00:02,b'RT @DMangas1: @united is dishing out racism in @visitmontrose ! My Hispanic wife &amp; infant son were turned away from the check in counter \xe2\x80\x9cy\xe2\x80\xa6'
2019-03-04 17:54:47,b'likes\ntheyeshivaworld\nSECRETLY RECORDING YOU? \nNewer seat-back entertainment systems on some #airplanes operated by\xe2\x80\xa6 https://t.co/4OdOf60ARG'
2019-03-04 17:46:42,b'RT @traci_ferris: It was such an honor to introduce my amazing family to EGE today for College and Career week!@MsFerrisC @HumbleISD_EGE #u\xe2\x80\xa6'
2019-03-04 17:45:46,"b'RT @andreacrisantes: The constant unorganized flight schedule, and unwillingness to work with customers shows the lack of efficiency of @un\xe2\x80\xa6'"
2019-03-04 17:45:30,b'Finally on the plane from SMF to SFO. Hopefully the one hour delay doesn\xe2\x80\x99t make us miss the connecting flight.\n#SMF\xe2\x80\xa6 https://t.co/EPDdcGtB5M'
2019-03-04 17:41:23,"b'RT @andreacrisantes: The constant unorganized flight schedule, and unwillingness to work with customers shows the lack of efficiency of @un\xe2\x80\xa6'"
2019-03-04 17:37:25,"b'RT @andreacrisantes: The constant unorganized flight schedule, and unwillingness to work with customers shows the lack of efficiency of @un\xe2\x80\xa6'"
2019-03-04 17:36:41,"b'The constant unorganized flight schedule, and unwillingness to work with customers shows the lack of efficiency of\xe2\x80\xa6 https://t.co/kMZBIEFSZZ'"
2019-03-04 17:21:44,b'Two hours delayed. What a joke. Seriously hate #unitedAIRLINES'
2019-03-04 17:16:53,b'RT @SNspotter53: An United 777 taxing at SFO!\nUnited @united #United #UnitedAirlines\nSan Francisco International Airport @flySFO #SFO #SanF\xe2\x80\xa6'
2019-03-04 17:14:07,b'@united is dishing out racism in @visitmontrose ! My Hispanic wife &amp; infant son were turned away from the check in\xe2\x80\xa6 https://t.co/NZP6MMFIxj'
2019-03-04 17:06:00,b'An United 777 taxing at SFO!\nUnited @united #United #UnitedAirlines\nSan Francisco International Airport @flySFO\xe2\x80\xa6 https://t.co/hyYrqZENkW'
2019-03-04 16:47:56,"b'American, United, JetBlue, and Southwest cancel hundreds of flights as a major snowstorm slams the Northeastern US\xe2\x80\xa6 https://t.co/78HK3aYbEV'"
2019-03-04 16:34:46,b'#unitedAIRLINES #MondayMorning.2.6 hours behind schedule bc. Someone forgot to drain the water lines and they froze\xe2\x80\xa6 https://t.co/fR3Fa6cyZ4'
2019-03-04 16:29:55,"b'RT @carocrisantes: Trying to get to home since yesterday, but @united overworked the pilot and crew, deplaned us, and rebooked us with poor\xe2\x80\xa6'"
2019-03-04 16:26:45,"b'""A brand-new commercial passenger terminal for NW Washington. Flights available now via United and Alaska Airlines!\xe2\x80\xa6 https://t.co/VQUTwuM3Zf'"
2019-03-04 16:23:44,"b""#unitedAIRLINES where silence, denial and scripted texts are customer service. \n\nYou know we're getting our money back, right?"""
2019-03-04 16:23:21,"b""#UnitedAirlines It's one thing reassign my seat on BOTH flights this week back into the 20's after upgrading to the\xe2\x80\xa6 https://t.co/LzBHvdOJO6"""
2019-03-04 16:16:17,"b'RT @carocrisantes: Trying to get to home since yesterday, but @united overworked the pilot and crew, deplaned us, and rebooked us with poor\xe2\x80\xa6'"
2019-03-04 16:16:13,b'RT @traci_ferris: It was such an honor to introduce my amazing family to EGE today for College and Career week!@MsFerrisC @HumbleISD_EGE #u\xe2\x80\xa6'
2019-03-04 16:15:11,b'It was such an honor to introduce my amazing family to EGE today for College and Career week!@MsFerrisC\xe2\x80\xa6 https://t.co/9uOgvtOZlw'
2019-03-04 16:12:32,"b'RT @carocrisantes: Trying to get to home since yesterday, but @united overworked the pilot and crew, deplaned us, and rebooked us with poor\xe2\x80\xa6'"
2019-03-04 16:11:53,"b'Trying to get to home since yesterday, but @united overworked the pilot and crew, deplaned us, and rebooked us with\xe2\x80\xa6 https://t.co/HK4Xc1OExt'"
2019-03-04 15:28:59,"b'I feel like no flight is EVER on time these days. Always a delay. It\xe2\x80\x99s 2019 guys, get with it !!!!! #travel #airlines #UnitedAirlines #yyz'"
2019-03-04 14:34:16,b'@trademeansjobs @RSAConference @CompTIAAdvocacy I\xe2\x80\x99m w you but can\xe2\x80\x99t seem to get out of the airport here. #UnitedAirlines'
2019-03-04 14:27:46,"b""Come fly with me, let's fly, let's fly away! ...Cockpit view from the plane's first row \xf0\x9f\x98\xaf #unitedairlines #upgrade\xe2\x80\xa6 https://t.co/3Ds5pxv0az"""
2019-03-04 13:17:13,"b'Thanks @united for planing ya to deplane us for a first officer to be timed out. Very poor planing, are y\xe2\x80\x99all gonna\xe2\x80\xa6 https://t.co/jvhviTBlT2'"
2019-03-04 12:15:18,"b'RT @TusharS61977926: Who Knew? When you purchase airline tickets , you are accepting the ""Airline Contract of Carriage"".  Airlines do not g\xe2\x80\xa6'"
2019-03-04 12:12:17,b'#unitedairlinesflights #unitedairlinesreservations #unitedairlinesdeals #unitedairlines\nIf the whole country is bei\xe2\x80\xa6 https://t.co/42Ip30todw'
2019-03-04 11:06:34,b'I have spent so much time on airline booking over the past months and you cannot offer seats to buy then show 2 ema\xe2\x80\xa6 https://t.co/c5IiotuSwz'
2019-03-04 11:02:32,b'United Airlines phone agents make you wait and then tell you they will send email to fix their error and do not.\xe2\x80\xa6 https://t.co/uXCRwoYzo8'
2019-03-04 10:51:00,b'@united Hello! Could you help me change or cancel a flight reservation please? #unitedAIRLINES'
2019-03-04 10:50:58,b'Oh wow 2 sleeps till @united check in opens and 3 sleeps till @united take me to #vegas. Very excited to see if cha\xe2\x80\xa6 https://t.co/lKALAepjbK'
2019-03-04 10:12:28,"b'#unitedAIRLINES desktop icons for ""flight tracker"" and ""flight status"" is ""FU"" lol .. Well F U too, #unitedAIRLINES\xe2\x80\xa6 https://t.co/fKgPalXD9u'"
2019-03-04 08:45:09,b'@united #BestCustomerService Had to cancel a Flight from Europe to USA short notice due to a heart problem &amp;\xe2\x80\xa6 https://t.co/hm1DHsO7M7'
2019-03-04 08:15:58,b'Best Business Class #Airline Lounges 2018:\n\n1.\xf0\x9f\x87\xb9\xf0\x9f\x87\xb7 #TurkishAirlines\n2.\xf0\x9f\x87\xb6\xf0\x9f\x87\xa6 #QatarAirways\n3.\xf0\x9f\x87\xac\xf0\x9f\x87\xa7 #VirginAtlantic\n4.\xf0\x9f\x87\xa6\xf0\x9f\x87\xba\xe2\x80\xa6 https://t.co/WHTBXSbJSZ'
2019-03-04 07:56:33,b'#UnitedAirlinesReservations #UnitedAirlinesFlights  #UnitedAirlines #UnitedAirlinesOfficialSite\nBook United Airline\xe2\x80\xa6 https://t.co/IQdieYDxKL'
2019-03-04 06:17:56,b'Are you kidding me?????? Not only did my priority tagged bag not make it to Midland/Odessa with me apparently it di\xe2\x80\xa6 https://t.co/QtCnJcL2LV'
2019-03-04 05:20:42,b'Looking forward to a good week of class! #Core4 #MesaAirlines #UnitedExpress #UnitedAirlines\xe2\x80\xa6 https://t.co/XMbqcgbSRj'
2019-03-04 04:36:40,b'@YTCreators Slow Yourself Down https://t.co/c2KOtWn561 #SmallYouTuberArmy #hawaii #UnitedAirlines #slowyourselfdown #wishingwell #shaveice'
2019-03-04 04:12:01,b'@united worst customer service I\xe2\x80\x99ve ever experienced in my life. JUST FLY SPIRIT #UnitedAirlinesSucks #unitedAIRLINES'
2019-03-04 03:59:42,b'@united you guys are always late and killing me on flight 2177 tonight. 3hr+ delay and have kids that need to be in\xe2\x80\xa6 https://t.co/sSkWZoS3MO'
2019-03-04 03:59:16,"b'RT @nick_tanchuk: Every time I fly @united there is a problem. Yesterday mechanical canceled my flight out of LAX. Today, 3 hours trapped o\xe2\x80\xa6'"
2019-03-04 03:53:09,"b'@united still In Newark, you should have accommodated us on another flight rather then keeping us caged in flight f\xe2\x80\xa6 https://t.co/0GpnDnsdxa'"
2019-03-04 03:12:38,"b""#UnitedAirlines movie plug-in won't install (why not just give me a link to download it?) and my work email pass just reset."""
2019-03-04 02:28:48,b'Check out #UnitedAirlines 747 Collectible Travel Kit Socks Toothbrush Ear Plugs Toiletries  https://t.co/JiwWRXjn4z\xe2\x80\xa6 https://t.co/ULc6dQ43zv'
2019-03-04 01:16:30,b'RT @SNspotter53: An United 737 taxing at LAX!\nUnited @united #United #UnitedAirlines\nLos Angeles International Airport @flyLAXairport #LAX\xe2\x80\xa6'
2019-03-04 01:04:25,b'An United 737 taxing at LAX!\nUnited @united #United #UnitedAirlines\nLos Angeles International Airport\xe2\x80\xa6 https://t.co/3DXgnZz0Wm'
2019-03-04 01:00:31,b'$671* &amp; up -- United Airlines Flights to Tahiti through Spring (Roundtrip) https://t.co/nobh7u7Jq2 #ppt #den\xe2\x80\xa6 https://t.co/CyPalonsLF'
2019-03-03 23:42:11,b'Ok @Twitter looking for a friend... Why is every employee of @united so miserable. Flying from Vegas to Houston and\xe2\x80\xa6 https://t.co/Fpxg6o6fmJ'
2019-03-03 22:07:02,"b""If you're  searching for a crash pad in the best city (San Diego) area(Lemon Grove), search no more.  We have a spa\xe2\x80\xa6 https://t.co/FRsPn2uNF1"""
2019-03-03 21:40:05,b'#unitedAIRLINES #stop being the worst. #try to serve #teach your #customer service..#discrimination #racism is not\xe2\x80\xa6 https://t.co/WCu1LUGfJH'
2019-03-03 21:36:47,"b""#unitedAIRLINES #discrimination is not okay. #badservice #badcrew #Logan. Don't keep doing this.#cheapest #bad\xe2\x80\xa6 https://t.co/FK25ywAdR8"""
2019-03-03 20:00:58,b'$577* &amp; up -- United Airlines Flights to Sydney (Roundtrip) https://t.co/jPqNa8VqN9 #sfo #syd #unitedairlines https://t.co/t6SZfWXcmM'
2019-03-03 19:33:25,b'Surprise! Equipment change from #a319 to a #brandnew #boeing #737max #firsttime flying on this one! #superexcited\xe2\x80\xa6 https://t.co/bhrwoRbqSa'
2019-03-03 19:21:01,b'RT @UnitedFlyerHD: United Express E175 lining up on Houston IAH 15R\n#avgeek #embraer #embraer175 #unitedairlines https://t.co/uLuGBwSZ4M'
2019-03-03 18:59:29,b'ABQ HO! #sfo #unitedairlines #ua5448 @ San Francisco International Airport (SFO) https://t.co/yMAFch9Hw8'
2019-03-03 18:28:22,b'.@AlaskaAir Agent who helped me couldn\xe2\x80\x99t have been nicer. So refreshing. Changed my seat as requested and took care\xe2\x80\xa6 https://t.co/cDOSV3US5S'
2019-03-03 17:51:10,b'I dont know what Im more excited about.Flying in 4sleeps time with @united or the fact that the amazing @united are\xe2\x80\xa6 https://t.co/eaFJzlGjZU'
2019-03-03 17:08:43,"b'Section: First Class\nLocation: Seat Divider\nSubstance: Hopefully Beverage\nGross Factor: 9/10, 10/10 if enjoyed with\xe2\x80\xa6 https://t.co/vwduiTvqgo'"
2019-03-03 17:00:38,b'$447* &amp; up -- United Airlines Flights to Hong Kong (Roundtrip) https://t.co/jbCegP5MBF #hkg #iah #unitedairlines https://t.co/UfWBxE4rsM'
2019-03-03 16:03:26,b'So #UnitedAirlines or #AmericanAirlines are not taking responsibility for our lost luggage which is supposedly sitt\xe2\x80\xa6 https://t.co/xIX1y3lNts'
2019-03-03 16:00:29,b'#UnitedAirlines is the #Worst #airline \xf0\x9f\x97\xa3EVER!\xf0\x9f\xa4\xac\xf0\x9f\x98\xa0\xf0\x9f\x98\x91'
2019-03-03 15:25:46,b'Shame On You: Disruptive White Woman Booted Off United Airlines Flight After Fat-Shaming Two Black Passengers [VIDE\xe2\x80\xa6 https://t.co/cHN6ROBgRO'
2019-03-03 15:00:38,b'$692* &amp; up -- Flights to Singapore Aboard United Airlines (Roundtrip) https://t.co/anD797S0Eq #sin #lga\xe2\x80\xa6 https://t.co/LEkeNH5IRR'
2019-03-03 14:53:07,b'Calling ALL women artists!\n\nAn opportunity to shoot your art to the skies with United Airlines...\n\n#united\xe2\x80\xa6 https://t.co/neuImkztD0'
2019-03-03 14:12:18,b'@fig1961 @united @EWRairport Drive to Florida? That\xe2\x80\x99s not 4 me. But it might be if my only other choice is to fly\xe2\x80\xa6 https://t.co/UOmkHCumX6'
2019-03-03 13:50:28,b'@united having people pay for services like Premier Access and then not honoring it by just combining all travelers\xe2\x80\xa6 https://t.co/lJcvHpF0xq'
2019-03-03 13:35:04,b'7 Best Tweets about the #UnitedAirlines Scandal https://t.co/aQLuAEoAc1'
2019-03-03 13:21:03,b'@united Stuck on the ground in Costa Rica because your crappy aging plane is broken! If we ever take off most of th\xe2\x80\xa6 https://t.co/UqLtXJmk7H'
2019-03-03 13:01:05,b'$671* &amp; up -- United Airlines Flights to Tahiti through Spring (Roundtrip) https://t.co/nobh7u7Jq2 #ppt #ord\xe2\x80\xa6 https://t.co/lJOPjqQWfs'
2019-03-03 12:38:07,b'RT @av1ation1: \xf0\x9f\x98\x8d\xf0\x9f\x92\xaa Flexin\xe2\x80\x99 \xf0\x9f\x87\xba\xf0\x9f\x87\xb8 @united @Boeing #B787 #Dreamliner seen here having taken off \xf0\x9f\x9b\xab from RWY 09R @HeathrowAirport - @BoeingUK #Heat\xe2\x80\xa6'
2019-03-03 09:46:35,"b""United Airlines lost bag w/all things &amp; children's keepsakes from once in a lifetime trip. @united baggage claim of\xe2\x80\xa6 https://t.co/YH4yh1XTJl"""
2019-03-03 08:27:47,"b'RT @Toshia_Shaw: Read the #unitedAIRLINES thread, I promise you something is going on with this airline. No airline should have \xe2\x80\x9dthis many\xe2\x80\x9d\xe2\x80\xa6'"
2019-03-03 07:33:11,b'Still waiting on my skis \n\nThanks #unitedAIRLINES great organization #ugh #unitedairlines'
2019-03-03 06:32:11,b'\xf0\x9f\x98\x8d\xf0\x9f\x92\xaa Flexin\xe2\x80\x99 \xf0\x9f\x87\xba\xf0\x9f\x87\xb8 @united @Boeing #B787 #Dreamliner seen here having taken off \xf0\x9f\x9b\xab from RWY 09R @HeathrowAirport -\xe2\x80\xa6 https://t.co/OLT4cxUdf1'
2019-03-03 06:28:21,b'#UnitedAirlines #AmericanAirlines \nBoth need to make this right!! \n#AmIRight \xf0\x9f\x98\xa4 https://t.co/jx97g53tQn'
2019-03-03 05:13:57,b'RT @CVG_Spotter: United Airlines (ExpressJet) Embraer ERJ-145XR (N11184)\nTaxiing at CVG shortly after pushback!\n#UnitedAirlines #CVG #CVGAi\xe2\x80\xa6'
2019-03-03 04:30:41,"b""Wow I got bumped up to the first row in first class..#flythefriendlyskies #unitedairlines @ Chicago O'Hare Internat\xe2\x80\xa6 https://t.co/p73Bab6WMs"""
2019-03-03 04:20:05,"b'Read the #unitedAIRLINES thread, I promise you something is going on with this airline. No airline should have \xe2\x80\x9dthi\xe2\x80\xa6 https://t.co/goBCN6VerN'"
2019-03-03 03:49:21,b'RT @CVG_Spotter: United Airlines (ExpressJet) Embraer ERJ-145XR (N11184)\nTaxiing at CVG shortly after pushback!\n#UnitedAirlines #CVG #CVGAi\xe2\x80\xa6'
2019-03-03 03:46:34,b'RT @CVG_Spotter: United Airlines (ExpressJet) Embraer ERJ-145XR (N11184)\nTaxiing at CVG shortly after pushback!\n#UnitedAirlines #CVG #CVGAi\xe2\x80\xa6'
2019-03-03 03:35:06,b'United Airlines (ExpressJet) Embraer ERJ-145XR (N11184)\nTaxiing at CVG shortly after pushback!\n#UnitedAirlines #CVG\xe2\x80\xa6 https://t.co/8FTN2PVW8a'
2019-03-03 03:27:10,"b'Every time I fly @united there is a problem. Yesterday mechanical canceled my flight out of LAX. Today, 3 hours tra\xe2\x80\xa6 https://t.co/DXon7UERV1'"
2019-03-03 03:08:09,b'RT @lbjinstl: Hey @united maybe you should consider keeping passengers off the plane until you have a pilot.  This is my second on-plane wa\xe2\x80\xa6'
2019-03-03 01:31:14,b'#UnitedAirlines 1k stays is a waste of spend money since 1/1/19. They made 1k so much worse. Not once this year hav\xe2\x80\xa6 https://t.co/Ux3enCtqih'
2019-03-03 01:25:12,b'RT @krisdshm: We\xe2\x80\x99ve all been here for at least 6 hrs waiting on a \xe2\x80\x9cmaintenance delay\xe2\x80\x9d for you to cancel our flight. Never again @SpiritAirl\xe2\x80\xa6'
2019-03-03 01:24:57,b'#unitedAIRLINES - delayed 2 hours because of loose carpets- 200+ passengers stuck due to bad call for maintenance.'
2019-03-03 01:00:30,b'$447* &amp; up -- United Airlines Flights to Hong Kong (Roundtrip) https://t.co/jbCegP5MBF #hkg #ord #unitedairlines https://t.co/mX5s7gg1r5'
2019-03-03 00:33:12,b'We\xe2\x80\x99ve all been here for at least 6 hrs waiting on a \xe2\x80\x9cmaintenance delay\xe2\x80\x9d for you to cancel our flight. Never again\xe2\x80\xa6 https://t.co/hnutxkGHgQ'
2019-03-03 00:09:39,b'Customer service 101. First words out of a rep\xe2\x80\x99s mouth shouldn\xe2\x80\x99t be \xe2\x80\x9cyou\xe2\x80\x99re wrong\xe2\x80\x9d #united #unitedAIRLINES'
2019-03-02 23:31:31,b'RT @SNspotter53: An United 757 taking off from LAX!\nUnited @united #United #UnitedAirlines\nLos Angeles International Airport @flyLAXairport\xe2\x80\xa6'
2019-03-02 23:30:47,b'An United 757 taking off from LAX!\nUnited @united #United #UnitedAirlines\nLos Angeles International Airport\xe2\x80\xa6 https://t.co/6alCKeS1LR'
2019-03-02 23:14:21,"b'ce) to hold all I have to say. #southwestforever, #notrustUAL, #ual, #unitedairlines, #Travelers'"
2019-03-02 21:09:33,b'.@united Thank you for taking care of a military spouse friend and her kiddo! These little things mean a lot in our\xe2\x80\xa6 https://t.co/9qemuILL1p'
2019-03-02 21:05:00,b'If you want to be absolutely certain that something will go wrong with your flight and your travel will be negative\xe2\x80\xa6 https://t.co/6SFT1SKbOO'
2019-03-02 20:14:33,"b'Hey #UnitedAirlines, your ground team for UA1851 today was very prompt and efficient in handling a loud and disruptive passenger.\n\nThanks.'"
2019-03-02 20:00:54,b'$692* &amp; up -- Flights to Singapore Aboard United Airlines (Roundtrip) https://t.co/anD797S0Eq #sin #lax\xe2\x80\xa6 https://t.co/pdee80wFGr'
2019-03-02 19:50:15,"b'Rainy day &amp; we\xe2\x80\x99re headed home. See you in a week, California. \xf0\x9f\x8c\xa7\xf0\x9f\x92\x99\xe2\x9c\x88\xef\xb8\x8f #SNAtoIAH #OrangeCountyToHouston #california\xe2\x80\xa6 https://t.co/32tPDLsDEQ'"
2019-03-02 19:14:16,b'Second United Airlines delay in a week....as a PSA I am going to let people know which flights I\xe2\x80\x99m on so you can al\xe2\x80\xa6 https://t.co/xJ2ydLlp5g'
2019-03-02 18:31:04,b'United Airlines has hired Chicago deputy mayor Robert Rivkin as senior vice president and general counsel\xe2\x80\xa6 https://t.co/fXrjfxMqu8'
2019-03-02 17:00:37,b'$671* &amp; up -- United Airlines Flights to Tahiti through Spring (Roundtrip) https://t.co/nobh7u7Jq2 #ppt #sfo\xe2\x80\xa6 https://t.co/4n4DuL4SwH'
2019-03-02 16:53:21,"b""Not loving #UAL. Two United flights this week, over 4 hours of delays. Anyone know why it's so bad?\n#Unitedairlines"""
2019-03-02 16:46:21,b'@hemispheresmag #UnitedAirlines #GrandCanyon  can let go of my hemisphere magazine! https://t.co/OF12RiMczH'
2019-03-02 16:16:10,"b""Never ever flying #unitedairlines again - delays on every flight we've taken this year causing us to re-buy every t\xe2\x80\xa6 https://t.co/RXhRHxcvI3"""
2019-03-02 15:26:24,"b""I'm now a Million Miler with United. Very cool!\n\n@UNITEDA1RLINES #mileageplus #unitedairlines https://t.co/7I1gUVpJGY"""
2019-03-02 15:00:52,b'$577* &amp; up -- United Airlines Flights to Sydney (Roundtrip) https://t.co/jPqNa8VqN9 #lax #syd #unitedairlines https://t.co/1nneqcJ49b'
2019-03-02 14:53:14,"b""5 sleeps to go until @united fly me and wife to Vegas for our honeymoon.I've been tweeting every day about how grea\xe2\x80\xa6 https://t.co/CQL8CDz7UN"""
2019-03-02 13:00:29,b'$447* &amp; up -- United Airlines Flights to Hong Kong (Roundtrip) https://t.co/jbCegP5MBF #hkg #sfo #unitedairlines https://t.co/myYrtytAgL'
2019-03-02 11:01:23,b'@united what is happening can you explain? My parents have been waiting in the queue since 2-2.5 hours at Delhi Air\xe2\x80\xa6 https://t.co/eH7y8FibUK'
2019-03-02 06:22:47,"b""I was this years old when I found out that the #UnitedAirlines #salt and #pepper #shakers weren't really the\xe2\x80\xa6 https://t.co/0VspOSu26T"""
2019-03-02 03:51:21,b'Stuck in the Airport because our @united flight is delayed for more than 5 hours\n.\n.\n.\n.\n.\n.\n.\n.\n.\xe2\x80\xa6 https://t.co/4tlENZ17dT'
2019-03-02 02:29:09,b'Another successful trip to Singapore \xf0\x9f\x87\xb8\xf0\x9f\x87\xac \xe2\x9c\x8c\xf0\x9f\x8f\xbc Until next time!#singapore #unitedairlines #aviation #aviationfestival\xe2\x80\xa6 https://t.co/zegvKgUn3J'
2019-03-02 02:06:17,b'@united Yup i have two baggage confirmations for two different charges: 016243992760141 and 01626095667081 @united #unitedairlines'
2019-03-02 01:53:49,"b'Take a job, even though you don\xe2\x80\x99t know what it\xe2\x80\x99s going to lead to. #PRedictTheFutrure #DiverseVoices #UnitedAirlines'"
2019-03-02 01:30:39,"b'@united On top this nonsense, I paid to bring a bag on the flight, but because I didnt bring it to some random coun\xe2\x80\xa6 https://t.co/vmI8CDJpuS'"
2019-03-02 00:57:33,"b'@NBCNews *Meanwhile, United Airlines stopped holding their breath, as they blurted out, ""Finally!!""\xe2\x80\xa6 https://t.co/C4Ijc0kfzv'"
2019-03-01 23:46:00,b'RT @GhostBoy_Band: RUNNING IN #CHICAGO !!!! . . . . . #yycmusic #yyc #ghostboy #musicians #airport #connection\xe2\x80\xa6 https://t.co/zIL1NxAAv0'
2019-03-01 23:03:01,b'RT @GhostBoy_Band: RUNNING IN #CHICAGO !!!! . . . . . #yycmusic #yyc #ghostboy #musicians #airport #connection\xe2\x80\xa6 https://t.co/m4X1LTW9uZ'
2019-03-01 22:56:13,b'Being #silly in the #shirt my #friend and fellow #AvGeek made.  Off to #SFO for another #TradeShow\n\nBring Back the\xe2\x80\xa6 https://t.co/iwjtw57fAO'
2019-03-01 22:45:11,b'@united @fly2ohare Brilliant! Really it\xe2\x80\x99s lovely spending an extra two hours here at the airport with no email noti\xe2\x80\xa6 https://t.co/mUyyTQwD5w'
2019-03-01 21:57:13,b'Not too sure why I continue to fly #unitedAIRLINES - with my status I cannot believe I was told I could not sit in\xe2\x80\xa6 https://t.co/WZINfe9LyC'
2019-03-01 21:00:11,b'@united my dad is stuck on a plane in Houston trying to visit me for my birthday! Please help him see is favorite son! #unitedAIRLINES'
2019-03-01 20:56:32,b'@UnitedAirHelp my dad is stuck on a flight in Houston to visit me for my birthday. Can you help!? #unitedAIRLINES'
2019-03-01 20:22:06,"b'Leave your worries and your luggage behind. Fly United AIrlines [luggage not lost but took till 4th day to show up,\xe2\x80\xa6 https://t.co/d06j9jmSky'"
2019-03-01 20:00:58,b'$205 &amp; up - Atlanta to Newark (Rountrip) https://t.co/K3na8x4agc #atl #ewr #unitedairlines'
2019-03-01 19:59:25,b'RT @endaburke81: Another banking shot over Feltham Park.  This time it\xe2\x80\x99s @united displaying the @staralliance livery. Taken shortly after d\xe2\x80\xa6'
2019-03-01 19:48:50,"b""New Maintenance Complex Deepens United Airlines' Commitment to Los Angeles, with Nearly $1 Billion Recent Investmen\xe2\x80\xa6 https://t.co/dRNNFsbWk4"""
2019-03-01 19:42:50,b'@AerLingus @Independent I would be scared seeing that first hand but having flown with you on my last trip to Irela\xe2\x80\xa6 https://t.co/yEO9MmVrvu'
2019-03-01 19:40:17,b'RUNNING IN #CHICAGO !!!!\n.\n.\n.\n.\n.\n#yycmusic #yyc #ghostboy #musicians #airport #connection #flight #unitedairlines\xe2\x80\xa6 https://t.co/4yWszQk561'
2019-03-01 18:40:09,b'This industry is only possible with them. Thank you. #EmployeeAppreciationDay #airlines #aviation #unitedairlines https://t.co/nA0Y13oq3T'
2019-03-01 17:22:12,b'@glitterontheflr @kortizi00 Oh me too. I\xe2\x80\x99d call into work and start driving or call my dad to see if he can help me\xe2\x80\xa6 https://t.co/fqK45DeCvc'
2019-03-01 17:10:22,"b'Starting Mar 30, #UnitedAirlines increases their #AirCanada earnings in E, O, and N'"
2019-03-01 17:01:24,b'$344 &amp; up - Burbank to Seattle (Rountrip) https://t.co/K3na8x4agc #bur #sea #unitedairlines'
2019-03-01 16:46:28,b'@united #UnitedAirlines 6+ hour delay in St Louis with no alternate flights offered. Way to kill my business day Un\xe2\x80\xa6 https://t.co/7tCMhPbMr6'
2019-03-01 16:12:12,b'Hey @united maybe you should consider keeping passengers off the plane until you have a pilot.  This is my second o\xe2\x80\xa6 https://t.co/PLgEDbP4xJ'
2019-03-01 15:43:00,b'I actually did not know this. Good stuff @united - I\xe2\x80\x99m really happy to know that the airline that I am so fiercely\xe2\x80\xa6 https://t.co/i2mhBPQGk0'
2019-03-01 15:34:33,b'@united worst customer service ever. Splitting up families on a flight and could care less. #yousuck\xe2\x80\xa6 https://t.co/0eS8OiXmSI'
2019-03-01 14:50:36,b'Worst..Turbulence..Ever... UA 6293 #UA6293 #unitedairlines #hou #dca #delayed'
2019-03-01 13:05:05,b'RT @endaburke81: Another banking shot over Feltham Park.  This time it\xe2\x80\x99s @united displaying the @staralliance livery. Taken shortly after d\xe2\x80\xa6'
2019-03-01 12:37:39,"b'RT @kriseisenla: Thanks 4 the ride 2 #Amsterdam \xf0\x9f\x87\xb3\xf0\x9f\x87\xb1@United. After a mechanical delay, new plane &amp; delayed paperwork - shout out 2 good groun\xe2\x80\xa6'"
2019-03-01 12:27:23,b'RT @endaburke81: Another banking shot over Feltham Park.  This time it\xe2\x80\x99s @united displaying the @staralliance liver\xe2\x80\xa6 https://t.co/vYZdPEuckf'
2019-03-01 12:13:49,b'RT @endaburke81: Another banking shot over Feltham Park.  This time it\xe2\x80\x99s @united displaying the @staralliance livery. Taken shortly after d\xe2\x80\xa6'
2019-03-01 12:05:57,b'RT @endaburke81: Another banking shot over Feltham Park.  This time it\xe2\x80\x99s @united displaying the @staralliance livery. Taken shortly after d\xe2\x80\xa6'
2019-03-01 12:02:17,b'RT @endaburke81: Another banking shot over Feltham Park.  This time it\xe2\x80\x99s @united displaying the @staralliance livery. Taken shortly after d\xe2\x80\xa6'
2019-03-01 12:02:07,b'RT @endaburke81: Another banking shot over Feltham Park.  This time it\xe2\x80\x99s @united displaying the @staralliance livery. Taken shortly after d\xe2\x80\xa6'
2019-03-01 12:01:39,b'Another banking shot over Feltham Park.  This time it\xe2\x80\x99s @united displaying the @staralliance livery. Taken shortly\xe2\x80\xa6 https://t.co/DzUjGVfKQf'
2019-03-01 11:48:17,b'I am boarding a #UnitedAirlines flight to Ft. Myers and once again I am dumbfounded that this airline thinks it\xe2\x80\x99s b\xe2\x80\xa6 https://t.co/s5CXpchXMz'
2019-03-01 10:50:16,b'Absolutely ridiculous experience with @united this morning at PWM. Curious if they care enough to try to make it ri\xe2\x80\xa6 https://t.co/vWmGJW92tf'
2019-03-01 07:02:30,"b'@United, No voucher for a 4 hour delay? 7pm and midnight are not the same. Other flights not affected. What\xe2\x80\x99s up?\xe2\x80\xa6 https://t.co/6BVvd1poFp'"
2019-03-01 06:19:44,b'RT @treasurotica: #Vintage #UnitedAirlines #Stewardess #FlightAttendant Black #Leather Bag  https://t.co/dFkarL7wya #United #purse #purses\xe2\x80\xa6'
2019-03-01 05:18:37,b'@profwolff Never flying #AmericanAirlines or #UnitedAirlines again.'
2019-03-01 05:04:05,b'Tour life is exhausting! #classicalmusic #tourlife #sleep #unitedairlines #businessclass #drooling https://t.co/cJCkUxPWli'
2019-03-01 04:51:59,b'Have you spotted the latest interactive mural on The Bloc!? Her Art Here \xf0\x9f\x99\x8c\xf0\x9f\x8f\xbb @shantell_martin @united #theblocla\xe2\x80\xa6 https://t.co/I8sJfWghoH'
2019-03-01 04:47:39,b'#BebeONeil is a System Chief Pilot at #UnitedAirlines. It\xe2\x80\x99s not everyday that you bump into a woman flying the frie\xe2\x80\xa6 https://t.co/9q91bda10F'
2019-03-01 04:24:34,b'The durability of Jetweels makes it a smart investment for both transporters and advertisers alike. Their polycarbo\xe2\x80\xa6 https://t.co/RC3dmUxuNZ'
2019-03-01 02:14:59,b'Spending 19 hours of my birthday on @united flights! #birthdaygirl #unitedairlines #champagneplease'
2019-03-01 02:13:41,"b'@united You guys should come up with other excuses, crew being late and technical problems can\xe2\x80\x99t happen all day eve\xe2\x80\xa6 https://t.co/0plpkP26uw'"
2019-03-01 01:31:10,b'United 747 over the San Francisco Bay during Fleet Week 2017. #aviation #fleetweeksf #fleetweeksf2017 #boeing747\xe2\x80\xa6 https://t.co/Xw3T3cjDRS'
2019-03-01 01:20:24,b'@united It\xe2\x80\x99s not her that\xe2\x80\x99s flying; it\xe2\x80\x99s me trying to get home to her birthday celebration but I\xe2\x80\x99m waiting on ANOTH\xe2\x80\xa6 https://t.co/wQc6WfLILE'
2019-03-01 01:16:04,b'Great to sit it Houston while my birthday girl waits some 500 miles away waiting on #unitedAIRLINES to figure out how to get airborne!'
2019-03-01 01:00:46,b'$344 &amp; up - Burbank to Seattle (Rountrip) https://t.co/K3na8x4agc #bur #sea #unitedairlines'
2019-03-01 00:24:12,b'#unitedAIRLINES PERFECT way to RUIN my daughters 21st birthday with a ridiculous flight delay!'
2019-02-28 23:53:56,b'Want call out a big thanks to the #unitedAIRLINES flight crew on UA2184 BZN to ORD. Thanks for the celebration of m\xe2\x80\xa6 https://t.co/85DOjK8gKw'
2019-02-28 23:36:12,"b'Sitting in traffic on 528, watching the planes go by...#cloudwatching #planewatching #notmoving #unitedairlines #welcometoOrlando'"
2019-02-28 23:27:17,"b'RT @nigelcameron: So, #UnitedAirlines, \xc3\xa0 propos #ORD T1C - anyone yet been terminated/flogged/cast into outer darkness for the worst lounge\xe2\x80\xa6'"
2019-02-28 23:13:05,"b'So, #UnitedAirlines, \xc3\xa0 propos #ORD T1C - anyone yet been terminated/flogged/cast into outer darkness for the worst\xe2\x80\xa6 https://t.co/MG8rPZ4Hx7'"
2019-02-28 23:09:28,"b""Three of the world's biggest airlines admit seat cameras capable of watching passengers.\n#AmericanAirlines,\xe2\x80\xa6 https://t.co/yhgsxMtp7s"""
2019-02-28 23:03:00,b'United Boeings at SFO!\nUnited Airlines @united #United #UnitedAirlines \nSan Francisco International Airport @flySFO\xe2\x80\xa6 https://t.co/KXZ2Qt9Qev'
2019-02-28 22:10:26,b'The sun was peeking out at @fly_BUR airport and on #UnitedAirlines today!  This great crew was finding a place to s\xe2\x80\xa6 https://t.co/tYAyyEBwW5'
2019-02-28 20:56:00,b'@united My husband left his bag at IAH flight #1614. People tend to complain but never speak of the good. Thank you\xe2\x80\xa6 https://t.co/5Jy5kTQBTw'
2019-02-28 20:04:53,b'Check out Vintage United Airlines Air Atlas Map  #UnitedAirlines https://t.co/X2zn0CrvDV via @eBay'
2019-02-28 19:44:44,b'Airport delay dance \xe2\x9c\x88\xef\xb8\x8f https://t.co/UxfGMSRfkK via @YouTube   #airportdelay #airportdance #unitedairlines #9hourdelay #hallandoats'
2019-02-28 19:16:44,b'RT @SNspotter53: An United 787 landing at SFO!\nUnited @united #United #UnitedAirlines\nSan Francisco International Airport @flySFO #SFO #SF\xe2\x80\xa6'
2019-02-28 19:02:00,b'An United 787 landing at SFO!\nUnited @united #United #UnitedAirlines\nSan Francisco International Airport @flySFO\xe2\x80\xa6 https://t.co/DuzyDhKopg'
2019-02-28 18:25:04,b'Chicago deputy mayor joining United Airlines as general counsel https://t.co/Jr0FurW5iO #corpgov #UnitedAirlines #generalcounsel'
2019-02-28 18:25:04,b'United Airlines has hired Chicago deputy mayor Robert Rivkin as general counsel https://t.co/J39AlLJtit #corpgov\xe2\x80\xa6 https://t.co/c3LrmJBsAE'
2019-02-28 18:22:58,"b'RT @AeroNewsX: #ManchesterAirport has seen a massive increase in capacity by #American carrier, #UnitedAirlines.\n\nBrought through larger ai\xe2\x80\xa6'"
2019-02-28 18:17:14,"b'#ManchesterAirport has seen a massive increase in capacity by #American carrier, #UnitedAirlines.\n\nBrought through\xe2\x80\xa6 https://t.co/cZaLGdkd6A'"
2019-02-28 17:01:29,b'@united you are honestly the worst. Every time I fly your airline I have major delays or cancellations.  This is ou\xe2\x80\xa6 https://t.co/QN2wK5AEWu'
2019-02-28 15:24:32,"b""RT @JohnHunt2743: \xe2\x9c\x88\xef\xb8\x8f WHEN YOU CAN'T AFFORD COACH \xe2\x9c\x88\xef\xb8\x8f\n\xf0\x9f\x98\xb0\xf0\x9f\x95\x8a\xef\xb8\x8f\nRetweets Likes and Comments \nFollow \xe2\x9c\x85 Follow Back \xe2\x9c\x85 \nVoice-Over by @JohnHunt2743 \n#\xe2\x80\xa6"""
2019-02-28 15:01:02,b'$205 &amp; up - Atlanta to Newark (Rountrip) https://t.co/K3na8x4agc #atl #ewr #unitedairlines'
2019-02-28 15:00:40,b'Save up to 20% on your flight to #WMRC2019! Our committee is excited to announce that we have reached out to variou\xe2\x80\xa6 https://t.co/T18zunN14E'
2019-02-28 13:09:02,b'Upping the ante here with two tweets in one day about how amazing @united are but truly their customer service team\xe2\x80\xa6 https://t.co/GJPiyfZZcF'
2019-02-28 11:51:35,b'#UnitedAirlines you have no other planes ...so we wait for a part to be flown in? agh. flight 3971'
2019-02-28 11:22:22,b'5 AM flights are no fun BUT they seem to be my norm. I\xe2\x80\x99m gonna have a talk with management about booking better fli\xe2\x80\xa6 https://t.co/5lZQjisemT'
2019-02-28 11:19:23,b'@AmericanAir @Delta @united do you offer non stop flights from Chicago to Aruba on weekdays? #unitedairlines #americanairlines #delta'
